person_age,person_income,person_emp_length,loan_grade,loan_amnt,loan_int_rate,loan_percent_income,cb_person_default_on_file,cb_person_cred_hist_length,debt_to_income_ratio,income_per_year_employed,person_home_ownership_MORTGAGE,person_home_ownership_OTHER,person_home_ownership_OWN,person_home_ownership_RENT,loan_intent_DEBTCONSOLIDATION,loan_intent_EDUCATION,loan_intent_HOMEIMPROVEMENT,loan_intent_MEDICAL,loan_intent_PERSONAL,loan_intent_VENTURE,loan_status
-1.2435162662674377,-0.32771546769767274,-1.41656904953562,2,0.2948194510656856,0.9358421536068154,-0.02173318260909027,0,-0.5276545853033258,-0.028891785129372384,0.3697408165187841,0,0,0,1,0,0,1,0,0,0,0
1.203891567998372,0.9227375971832207,-1.391047428839421,3,-1.624255954520205,-0.5099492302999447,-0.8645216171200152,1,0.4641773419585647,-0.8731191211676073,1.3455244215367759,1,0,0,0,0,0,0,1,0,0,0
-1.4766027266737054,-0.9290290181320637,-0.81255735972558,2,0.24779942852908082,-0.9986962469247194,1.305210310025132,0,0.4641773419585647,1.3136273427523393,-0.3651246474448559,0,0,0,1,1,0,0,0,0,0,0
0.9708051075921043,-0.4844075136297434,-1.203888877067296,0,0.9680185921094602,1.203732777781901,0.46242187551420705,0,1.332030278312719,0.46745943281609736,-0.027970226032990687,0,0,0,1,0,1,0,0,0,0,0
-0.6025285001502019,-0.8023586025420602,1.169621847679199,3,1.61323207422554,-0.6796814578307241,1.8431603746065737,0,1.0840722964972462,1.8402108016095204,-0.43819473974438405,0,0,0,1,1,0,0,0,0,0,0
-1.651417571978406,0.19401178392257432,1.654532640906978,1,1.1075353329401736,1.0524052496219292,-0.11139152670599715,1,0.3401983510508284,-0.11888205009753025,-0.34929924043899624,0,0,0,1,0,0,1,0,0,0,0
1.4952496435062064,-0.702788793801382,-0.04690873883961362,3,0.6030732530780879,-1.4322291654370718,0.7134652389855465,0,-0.7756125671187983,0.721627600414668,-0.37891378238125883,0,0,0,1,0,1,0,0,0,0,1
0.09673088106860085,0.2910546755147696,-0.08093756643454564,4,-1.3994446870311867,-1.2645419045030488,-0.7927949418424897,0,0.4641773419585647,-0.79868931979907,-0.18208748138794242,1,0,0,0,0,0,1,0,0,0,0
-0.4277136548455012,-0.3792274851649106,-1.5016411185229497,1,-1.2792709751652034,-0.6060626603474946,-0.66727326010682,0,0.2162193601430921,-0.6608349900308489,0.5589294569823529,0,0,0,1,0,0,1,0,0,0,0
0.32981734147486846,3.5895624978779606,0.19129305432490898,1,0.8090559338620764,-0.3831613013010493,-0.7031365977455828,0,-1.6434655034729524,-0.6971635186611536,0.3322497465655669,1,0,0,0,0,0,1,0,0,0,0
1.203891567998372,-0.5927403928486465,0.25084350261603994,5,0.4270311118086552,0.2794078760480176,0.37276353141730006,1,-0.5276545853033258,0.37241764901508706,-0.37787514767248537,0,0,1,0,0,0,0,0,0,1,1
-0.07808396423609984,-0.3466325722220949,0.62516060616029,3,1.564051394198194,-0.9557519483928353,0.5162168819723513,0,-1.5194865125652162,0.5191048403402221,-0.3619832963226462,1,0,0,0,0,0,0,0,0,1,0
-0.4277136548455012,0.9186574373838355,-0.8550933942192448,3,-0.9164862936245723,-0.37702640151077993,-0.7389999353843456,0,1.5799882601281914,-0.7448946534888583,0.29884453818807893,1,0,0,0,0,0,1,0,0,0,1
-0.4277136548455012,0.6689331114805561,1.7481119167930408,1,-0.35625867281097734,-0.7103559567820699,-0.6134782536486758,0,-0.651633576211062,-0.6088356276620177,-0.30814584219941615,0,0,0,1,0,0,0,1,0,0,0
1.5535212586077733,0.5388780178751535,0.9909705028058072,3,0.895585121943662,1.6679401952455988,-0.3086398837191923,0,0.8361143146817737,-0.31398239127708744,-0.27283093853512963,0,0,0,1,0,0,0,0,1,0,0
0.44636057167800225,-0.2695036423780353,-0.5658483596623242,2,-0.526436172319827,0.3243971411766581,-0.3982982278160993,0,-0.15571761258011682,-0.39644579509565914,-0.21149573627853566,0,0,0,1,0,1,0,0,0,0,0
1.4952496435062064,-0.07351687565074944,-0.3871970147889321,0,-0.4858981222554456,0.4573199699658228,-0.4700249030936248,0,-0.27969660348785313,-0.46573704574260205,-0.20082033321104328,0,0,0,1,0,0,0,0,1,0,0
-0.7190717303533357,0.6906553258670557,-0.4807762906749946,1,-0.22589900420292866,0.7333904605279336,-0.5776149160099131,1,1.2080512874049825,-0.5859036250241946,0.01503933374163933,1,0,0,0,0,0,0,0,0,1,1
-0.31117042464236744,-0.6340288280912886,-0.6424132217509209,0,-0.5327123678881702,1.8315375229861093,-0.11139152670599715,0,0.3401983510508284,-0.12009296764490383,-0.2986273570745759,0,1,0,0,0,0,1,0,0,0,0
0.21327411127173465,1.1741542620941996,1.441852468438654,3,-1.6321783653195894,1.121934113911646,-0.8824532859393965,0,0.7121353237740373,-0.878976835331493,-0.23796640318777681,0,0,0,1,0,0,1,0,0,0,0
0.32981734147486846,0.4373144946870486,-0.5062979113711935,0,1.1074324444882335,0.019697118259957527,-0.23691320844166686,0,-0.15571761258011682,-0.23001804408803814,-0.0407645156365632,1,0,0,0,0,0,1,0,0,0,0
0.38808895657643533,-0.07504693557551888,1.2461867097677957,2,-0.48785300284230665,-1.342250635179791,-0.4700249030936248,1,-1.7674444943806888,-0.46581573690079237,-0.3593330579311938,0,0,0,1,0,0,0,0,0,1,0
-0.6608001152517688,-0.7017455711254028,-1.1103096011812335,0,-0.5578171501615434,-0.4342854662199588,-0.03966485142847167,1,-0.4036755943955894,-0.04828740452148423,-0.19761497285861201,0,0,0,1,0,0,0,0,0,1,0
-0.7773433454549026,-0.8244285578205527,-1.629249222003944,1,1.1952991824450399,0.9828763853322122,1.6100486799546154,0,-1.5194865125652162,1.619273584229575,0.47015344973911155,0,0,0,1,0,0,0,0,0,1,0
-0.3694420397439343,-0.8276741394791546,0.11472819223631248,2,0.8776825313060925,-0.9986962469247194,1.3769369853026576,0,0.3401983510508284,1.371924027208271,-0.41074961099896595,0,1,0,0,0,0,1,0,0,0,0
-1.7096891870799729,0.33092896446330655,-0.6934564631433185,2,1.716017637713654,0.649546830060922,-0.03966485142847167,0,1.5799882601281914,-0.035910142350886895,0.003934005643268741,1,0,0,0,0,0,0,1,0,0,1
0.9125334924905374,0.03827022976195136,-1.2549321184596938,5,-0.09934620831666202,-0.14799014267406563,-0.38036655899671795,0,-1.2715285307497435,-0.3875987760802798,0.3387790665551079,0,0,0,1,0,0,0,1,0,0,0
1.670064488810907,0.06998419911171799,0.03816333014771597,5,-1.2244314302811545,-1.720569455579721,-0.7210682665649641,1,-0.15571761258011682,-0.7284398964722607,-0.24289963402702872,0,0,0,1,0,0,0,0,0,1,1
-0.13635557933766673,-0.8027295261601861,-0.5148051182699265,0,0.9595817390503757,0.07491121637237967,1.3231419788445133,0,-0.27969660348785313,1.3248451430785548,-0.3624083763088605,1,0,0,0,0,0,0,1,0,0,0
-0.19462719443923363,-0.662566763960852,0.19980026122364206,1,-1.3100346222952797,0.15057498045236592,-0.5596832471905318,0,-1.6434655034729524,-0.5678111428165459,-0.3866043077504075,1,0,0,0,1,0,0,0,0,0,0
-0.3694420397439343,0.49712592810985406,1.4588668822361197,0,0.40367543321826294,-1.3811050005181622,-0.4162298966354806,0,0.4641773419585647,-0.40984156908074454,-0.3091978151640797,0,0,0,1,0,0,1,0,0,0,0
0.5046321867795691,-0.04423709254493419,-0.5233123251686594,2,1.015244391549945,-1.4833533303559812,-0.0038015137897088724,0,1.2080512874049825,0.0018219921038976578,-0.16161059809002634,0,0,1,0,0,0,0,0,0,1,0
-0.07808396423609984,-0.44332772292229716,-0.5148051182699265,3,-0.5141924465389605,0.019697118259957527,-0.290708214899811,0,0.09224036923535578,-0.2864770854375316,-0.26831247037248773,1,0,0,0,1,0,0,0,0,0,0
0.7959902622874037,0.36166925931549265,1.7396047098943077,0,-0.581481494107756,1.246677076313785,-0.6134782536486758,1,0.2162193601430921,-0.606394111404343,-0.33689429468852183,1,0,0,0,0,0,1,0,0,0,0
-1.4766027266737054,-0.39914144691304626,-1.425076256434353,1,-1.753072296349153,-1.029370745876065,-0.8645216171200152,1,-1.023570548934271,-0.864670705458812,0.3252424825692658,1,0,0,0,0,0,0,0,1,0,0
0.562903801881136,-0.02070662552007079,0.3784516060970343,0,-0.9740009382590626,-0.4629149985745478,-0.6314099224680572,0,-0.5276545853033258,-0.6368240349483762,-0.2964620442853988,0,0,0,1,0,0,1,0,0,0,0
1.61179287370934,-1.1267313065931819,0.846347985527347,4,-1.033470463480414,1.663850262052086,0.9107135959987416,1,-0.5276545853033258,0.9035985337048177,-0.4723573256619589,1,0,0,0,0,0,0,1,0,0,0
-1.2435162662674377,-0.37721058799135093,-0.5233123251686594,4,1.1646384237669036,-1.1622935746652299,0.3906952002366815,0,0.09224036923535578,0.39363688800370816,-0.2493684187447739,0,0,1,0,1,0,0,0,0,0,0
-0.4277136548455012,-0.20378061379134788,0.4209876405906991,2,-0.10757728447186635,0.019697118259957527,-0.2727765460804296,0,-0.03173862167238052,-0.27480691047852307,-0.3280161002908816,0,0,0,1,0,1,0,0,0,0,0
-1.5931459568768391,0.6827963817080126,1.0930569855906027,0,-1.6765232881057526,1.121934113911646,-0.8824532859393965,1,0.2162193601430921,-0.8782644551358184,-0.26397561348555076,1,0,0,0,1,0,0,0,0,0,0
0.27154572637330154,-0.5315379958578688,1.0335065372994716,3,0.5696345061975703,0.7661099260760357,0.3369001937785373,0,0.8361143146817737,0.34507671739849083,-0.4032623933009275,0,0,0,1,0,0,0,1,0,0,0
-0.6025285001502019,0.7589980025067574,0.846347985527347,1,1.3986067634785868,0.1485300138556092,-0.2727765460804296,0,-1.1475495398420072,-0.28008972101311946,-0.23264719668533684,1,0,0,0,1,0,0,0,0,0,1
-1.7679608021815398,-0.7729629058055806,-0.8976294287129096,0,0.05848467695938111,-1.6060513261613638,0.5341485507917326,0,-1.1475495398420072,0.5273288705189224,-0.29456541582605283,1,0,0,0,1,0,0,0,0,0,0
-1.3600594964705717,0.4868791631591254,-0.2170528768142728,1,1.0579430991050676,-0.37293646831726723,-0.25484487726104826,0,0.588156332866301,-0.26007935467128024,-0.11345676260529014,0,0,1,0,0,1,0,0,0,0,0
-1.2435162662674377,-0.13903125970224103,-0.5148051182699265,3,0.3933865880242575,0.8335938237689965,-0.12932319552537855,0,-0.5276545853033258,-0.13789519598794595,-0.18864383453936967,1,0,0,0,0,0,0,0,1,0,0
0.7377186471858367,-0.5193670646381119,-0.32764656649780133,1,-1.308902849323939,-1.1827432406327936,-0.6314099224680572,0,0.8361143146817737,-0.6304622526580168,-0.3146516742811882,0,0,0,1,0,1,0,0,0,0,1
0.9125334924905374,-0.48507981268759665,0.7017254682488865,4,-1.4427607252979495,0.8295038905754838,-0.7031365977455828,0,0.09224036923535578,-0.7076930826417114,-0.3847046254235126,0,0,0,1,0,1,0,0,0,0,0
-0.7773433454549026,-0.48436114817747766,-1.169860049472364,1,1.5690929283432566,0.019697118259957527,0.7672602454436904,0,-1.2715285307497435,0.7604063322439728,-0.05324790148709977,1,0,0,0,0,0,0,0,0,1,0
-1.7096891870799729,-0.49585978033938133,0.36143719229956817,2,0.11589643314193135,1.256901909297567,0.06792516148781672,0,1.5799882601281914,0.06562109079625404,-0.3688453267282908,0,0,0,1,0,0,0,0,0,1,0
-0.31117042464236744,-0.5743333082991474,-0.34466098029526715,4,0.12237840561415476,1.8233576565990839,0.1755151744041049,0,-1.7674444943806888,0.17366187258051125,-0.3252375877214189,0,0,0,1,0,1,0,0,0,0,1
1.5535212586077733,0.12200623655387904,1.1441002269830005,1,0.15581715249467237,-0.8044244202328635,-0.34450322135795514,0,0.9600933055895099,-0.34672372872791923,-0.33207574794671185,0,0,0,1,0,0,0,1,0,0,0
0.8542618773889705,-0.5411124617507442,-1.3570186012444894,1,-1.5512051536427667,0.019697118259957527,-0.756931604203727,0,-0.8995915580265347,-0.7491594092250683,0.09095204721977257,1,0,0,0,1,0,0,0,0,0,1
1.0873483377952382,-0.8813653332028822,0.4465092612868977,3,0.7212920843572102,-0.5528935288318287,1.5024586670383273,0,-0.651633576211062,1.510317531053624,-0.43139328489839374,0,0,0,1,0,1,0,0,0,0,0
-0.8356149605564696,-0.340720977058213,1.212157882172864,0,1.3079620373193992,0.019697118259957527,0.4086268690560629,0,1.4560092692204551,0.40396240741856393,-0.3874577677039552,1,0,0,0,0,0,1,0,0,0,0
-1.4183311115721384,-0.17366625254474932,-0.6594276355483867,1,1.6203313774094037,0.9297072538165461,0.3189685249591559,0,-0.03173862167238052,0.3208873027378114,-0.15986086041943348,0,0,0,1,0,0,0,0,1,0,1
0.6794470320842698,-0.6063254703625085,0.9144056407172104,0,-1.1569366058084791,0.4430052037885281,-0.5058882407323876,0,0.588156332866301,-0.5081860201330064,-0.40845794885957565,1,0,0,0,1,0,0,0,0,0,0
0.5046321867795691,-0.3566475099114949,0.39546601989450014,2,0.07885659044351184,0.9746965189451862,-0.09345985788661576,0,-0.4036755943955894,-0.09321739266448119,-0.34948604353422885,0,1,0,0,0,0,1,0,0,0,0
-1.5931459568768391,-0.43472693152700226,1.6715470547044435,1,-0.07413853759134874,0.019697118259957527,-0.09345985788661576,1,1.5799882601281914,-0.09025627422997758,-0.4109411472799217,1,0,0,0,0,0,0,0,0,1,0
-0.13635557933766673,0.41146575504889815,0.599638985464091,2,-1.0137158807079236,0.019697118259957527,-0.7210682665649641,0,0.588156332866301,-0.7166695924628601,-0.2542787726265284,0,0,0,1,0,0,0,1,0,0,0
-1.5931459568768391,-1.0559776264356617,-1.3655258081432222,2,0.08081147103037287,1.7701885250834177,2.147998744536057,0,1.332030278312719,2.152656954752383,-0.2966461021902559,1,0,0,0,0,0,0,0,1,0,0
-1.7096891870799729,-0.23493819771392563,1.169621847679199,2,0.9398271562778853,0.7681548926727924,0.13965183676534212,0,-0.15571761258011682,0.13629079723063067,-0.37391902040426966,0,0,0,1,1,0,0,0,0,0,0
1.670064488810907,1.2491271984079022,0.48053808888182975,3,0.8223285441623434,-1.6592204576770295,-0.48795657191300623,0,0.7121353237740373,-0.4930523306625161,-0.11808150762528852,0,0,1,0,0,0,0,0,1,0,1
0.32981734147486846,-0.11946503884609845,1.1441002269830005,1,-0.2368051801085744,1.1280690137019147,-0.36243489017733654,1,0.8361143146817737,-0.36400098327387886,-0.35966607195098294,1,0,0,0,1,0,0,0,0,0,0
1.4952496435062064,-0.5298224741240364,-1.1528456356748984,3,1.4720691181637857,0.884717988687906,0.8031235830824532,1,0.3401983510508284,0.807776795215562,-0.08854907780806529,0,0,0,1,0,0,1,0,0,0,0
-0.07808396423609984,1.2730285890508917,-1.2804537391558928,1,0.7255105108867524,-0.7471653555236847,-0.5058882407323876,0,0.9600933055895099,-0.5121097784289045,1.180075718872514,1,0,0,0,0,0,0,0,0,1,0
0.15500249617016776,2.055144220595538,0.5826245716666252,3,0.26878867272485185,-1.5590170944359674,-0.66727326010682,1,-1.023570548934271,-0.6612234272511692,-0.020477847868409185,0,0,0,1,1,0,0,0,0,0,0
-0.2528988095408005,1.2598608006074212,0.17427864052744313,3,1.1487936021681353,-0.8944029504901441,-0.4520932342742434,0,-1.7674444943806888,-0.44355754538306963,-0.05759977630702422,1,0,0,0,1,0,0,0,0,0,1
0.9708051075921043,-0.7524693759041232,-1.0762807735863016,4,1.6903984131805807,0.36734143970854183,1.6459120175933781,0,0.8361143146817737,1.6504073777193753,-0.2352514610402259,0,0,0,1,0,1,0,0,0,0,1
0.9125334924905374,0.5006265197559174,1.5439389512234492,0,1.0568113261337269,1.4000495710705134,-0.2727765460804296,0,-1.7674444943806888,-0.26532040952444697,-0.3136005765748267,0,0,0,1,0,1,0,0,0,0,0
-0.7773433454549026,0.16023455194698225,1.5524461581221822,2,0.401926329535282,-1.4956231299365195,-0.290708214899811,0,-0.7756125671187983,-0.29406110118042383,-0.34821838781233233,1,0,0,0,0,0,0,1,0,0,0
1.203891567998372,-0.4962538866836401,0.5911317785653583,3,-0.7835544137180224,-0.13163040990001457,-0.38036655899671795,0,0.588156332866301,-0.3787703479825176,-0.38112477294083524,0,0,0,1,0,0,0,1,0,0,0
1.3787064133030726,0.07455119615989345,-0.14899522162440937,1,-1.4089104246096718,-0.3095425038178194,-0.7748632730231083,0,-1.2715285307497435,-0.7827795718194376,-0.21325943456090224,0,0,0,1,1,0,0,0,0,0,0
-0.6025285001502019,-0.07180135391691703,-0.6424132217509209,0,1.0539304494794053,-0.14390020948055296,0.03206182384905392,0,1.4560092692204551,0.03484459728739511,-0.13519404600475166,1,0,0,0,0,0,0,0,1,0,0
1.145619952896805,-0.4370220214141564,-0.5148051182699265,1,1.1670048581615249,-0.9332573158285152,0.48035354433358846,0,-1.5194865125652162,0.4842829157240399,-0.2666615585222205,0,0,0,1,0,1,0,0,0,0,0
1.3787064133030726,0.6435480263650631,1.3567803994513246,1,-0.7757348913705783,-1.1173043095365893,-0.6852049289262014,1,-0.651633576211062,-0.6914441055744587,-0.2875508645930585,1,0,0,0,0,0,0,1,0,0,1
-0.8938865756580364,0.8403461885069995,-0.9316582563078415,4,1.0370567433612365,-0.7921546206523251,-0.38036655899671795,0,0.8361143146817737,-0.3720372959402003,0.3386313709670762,1,0,0,0,0,0,1,0,0,0,0
-0.8938865756580364,-0.30379089432855055,0.28487233021097164,1,-0.9266722503666377,-0.9209875162479768,-0.5417515783711504,0,0.588156332866301,-0.5389332799562518,-0.33317930901122955,0,0,0,1,0,0,1,0,0,0,0
1.3204347982015057,-0.5551611937872637,-1.5186555323204154,1,0.836732927433951,0.7354354271246902,0.5341485507917326,0,-0.5276545853033258,0.5268175749674734,0.4121015788892683,0,0,0,1,0,0,0,0,0,1,0
1.203891567998372,0.07042467090824253,-0.7615141183331823,3,-0.5578171501615434,-1.32589090240574,-0.5417515783711504,0,1.4560092692204551,-0.5338233931280879,-0.04769469806073696,1,0,0,0,0,0,0,0,0,1,0
-1.2435162662674377,1.3147343133639253,0.42949484748943184,1,0.14717452253170782,-1.7696486539018743,-0.6134782536486758,0,1.2080512874049825,-0.6074833887084163,-0.09952579941644936,0,0,0,1,0,0,1,0,0,0,0
-0.8938865756580364,-0.49977766105583643,0.42949484748943184,0,-1.5406076430929412,1.201687811185145,-0.756931604203727,0,0.2162193601430921,-0.7524916240068874,-0.37332108804160713,1,0,0,0,1,0,0,0,0,0,0
0.9125334924905374,1.0974194385943987,-0.04690873883961362,1,0.6310589120057827,0.2139689449518134,-0.5058882407323876,0,1.332030278312719,-0.4983498187822506,-0.03343375410760466,1,0,0,0,1,0,0,0,0,0,0
-1.4766027266737054,-0.6194932588059788,-0.20854566991554,2,-1.544414515814723,-1.5549271612424544,-0.7210682665649641,0,0.3401983510508284,-0.7260903927122727,-0.3494011487575295,0,0,0,1,1,0,0,0,0,0,0
-0.07808396423609984,-0.3058077915021103,0.1827858474261762,4,-0.7346823990464967,1.0360455168478777,-0.4700249030936248,0,-0.4036755943955894,-0.4611665866810663,-0.32513253412895027,1,0,0,0,0,1,0,0,0,0,0
-0.8938865756580364,-0.6431628221876395,-0.6764420493458527,1,0.6273549277359407,-0.22160894015729515,0.5879435572498767,0,-1.1475495398420072,0.590344029882697,-0.2953799941421437,0,1,0,0,1,0,0,0,0,0,0
-0.48598526994706814,0.2552605463656178,0.49755250267929557,1,-0.07537319901462938,-0.522219029880483,-0.4520932342742434,0,1.5799882601281914,-0.45484586529374454,-0.2664044352958676,0,0,0,1,0,0,0,0,1,0,0
1.4369780284046394,1.3779999729805286,-0.22556008371300587,0,-1.6706586463451696,-0.3381720361724088,-0.8824532859393965,1,-1.023570548934271,-0.8877360798735876,0.07904003908902703,0,0,0,1,0,0,0,0,1,0,0
1.0290767226936712,-0.4500738962269624,0.837840778628614,0,1.284812135632887,-0.22569887335080818,0.5520802196111139,0,0.3401983510508284,0.5606413079160849,-0.38598804561503736,1,0,0,0,0,1,0,0,0,0,0
1.0290767226936712,-0.774122042112224,0.6166533992615569,1,-0.6188300021619956,1.3898247380867315,0.014130155029672525,0,-0.15571761258011682,0.022782960149383597,-0.4210190595883256,1,0,0,0,0,0,0,0,0,1,0
1.4369780284046394,-0.6608512422270195,0.24233629571730683,1,-0.39607650371177827,-1.0641351780209236,-0.0038015137897088724,0,0.2162193601430921,-0.002645134795996795,-0.38860216151110427,0,0,0,1,0,0,0,0,0,1,0
0.27154572637330154,2.502756296768999,0.36994439919830124,2,1.379675288321617,1.0667200157992238,-0.5776149160099131,0,0.588156332866301,-0.5737477410221113,0.09554352679295856,1,0,0,0,0,1,0,0,0,0,0
-1.3600594964705717,0.025032893140082394,1.0505209510969378,4,-1.373413908690353,-0.8923579838933877,-0.7748632730231083,1,1.2080512874049825,-0.7670457503056587,-0.33813493530687677,0,0,1,0,0,1,0,0,0,0,1
0.9708051075921043,-0.3792738506171764,-0.31913935959906853,3,0.031013460291386644,-0.15821497565784767,-0.09345985788661576,0,-1.1475495398420072,-0.0939276599756969,-0.28386438231491734,0,0,1,0,0,0,0,0,0,1,0
-0.4277136548455012,-1.1382994869334844,-1.629249222003944,1,-1.8051338530308203,-0.14594517607730928,-0.756931604203727,0,-1.1475495398420072,-0.758175793273888,-0.15027045221971994,1,0,0,0,0,0,1,0,0,0,0
0.03845926596703395,-0.657907036008145,-0.5233123251686594,3,-0.7217184541020498,1.608636163939664,-0.20104987080290404,0,0.7121353237740373,-0.20754904676723637,-0.3233482065667945,0,0,0,1,0,0,1,0,0,0,1
-1.068701420962737,0.6902844022489297,-0.5743555665610571,0,-0.983981118097248,-1.131619075713884,-0.7389999353843456,0,0.2162193601430921,-0.7387374352379531,0.053980228702907126,0,0,0,1,0,0,0,0,0,1,0
1.3787064133030726,-0.7677931578779504,-0.40421142858639797,4,-0.40379313760728236,1.6965697276001883,0.1755151744041049,1,-0.03173862167238052,0.1711656235269321,-0.3645814156784869,0,0,0,1,0,1,0,0,0,0,0
-0.019812349134532944,0.8013528431515116,0.0636849508439146,1,-0.6020591844957668,-1.5671969608229928,-0.66727326010682,0,-1.5194865125652162,-0.675188071837809,-0.11434160452090454,0,0,1,0,0,0,0,0,0,1,0
1.203891567998372,-0.8660183685029221,-0.6849492562445857,1,-0.729743753353374,1.0851247151700312,0.12172016794596072,0,1.4560092692204551,0.11594678901259192,-0.3611022692966515,0,0,0,1,1,0,0,0,0,0,0
1.4369780284046394,-0.3430624323976329,1.6715470547044435,2,0.9784103257554057,-0.5242639964772393,0.2651735185010119,0,0.7121353237740373,0.2698947260667533,-0.4020591951114396,1,0,0,0,0,0,1,0,0,0,0
-0.6025285001502019,0.37502250956802596,1.4078236408437224,2,-1.4356614221140858,-0.397476067478344,-0.8107266106618711,0,-1.023570548934271,-0.8133086553051283,-0.31902803677726344,0,0,0,1,1,0,0,0,0,0,0
1.5535212586077733,-0.13478882081992574,-0.3361537733965344,0,0.19162233376981122,1.4245891702315903,-0.20104987080290404,0,-1.39550752165748,-0.20988823032990014,-0.22520275943630752,1,0,0,0,0,0,1,0,0,0,0
-0.07808396423609984,0.2687065275226826,-0.27660332510540375,1,-0.23351274964649268,0.019697118259957527,-0.5058882407323876,1,-0.8995915580265347,-0.49917966411853565,-0.14667972233618684,1,0,0,0,0,0,1,0,0,0,0
1.0290767226936712,-0.05606028287269806,0.20830746812237513,2,0.23380659906523346,0.019697118259957527,-0.23691320844166686,0,0.4641773419585647,-0.2406941299032401,-0.285468790967508,1,0,0,0,0,1,0,0,0,0,0
-1.126973036064304,-0.4243642529456092,-0.8210645666243129,1,-1.1425322225368715,-0.8391888523777219,-0.5776149160099131,0,0.8361143146817737,-0.5855982975243285,-0.19049678253294972,1,0,0,0,0,0,1,0,0,0,0
-0.7773433454549026,0.6906321431409228,0.6591894337552217,3,0.1820537077393862,1.2834864750553998,-0.5058882407323876,1,-0.651633576211062,-0.5036352727189868,-0.22194668834446588,0,0,0,1,0,0,1,0,0,0,0
1.203891567998372,1.2681602165629888,1.169621847679199,1,-0.2267221118184491,1.4123193706510515,-0.66727326010682,0,1.5799882601281914,-0.6604037345517437,-0.20365244029089344,1,0,0,0,0,0,0,0,0,1,0
-1.4766027266737054,-0.7658226261566565,-0.7615141183331823,1,1.4232999919442,0.9297072538165461,1.5203903358577087,0,-0.7756125671187983,1.5159071584604686,-0.31867786861549097,1,0,0,0,1,0,0,0,0,0,0
-1.0104298058611703,0.22962045126266317,0.40397322679323294,2,0.33103618614858465,-1.5447023282586725,-0.34450322135795514,0,-1.6434655034729524,-0.34070248023118005,-0.2605641895053947,1,0,0,0,0,0,0,1,0,0,0
-1.4766027266737054,0.2038876252551771,-0.5403267389661253,0,-0.5997956385530856,-1.6837600568381064,-0.5776149160099131,0,-0.4036755943955894,-0.5788300491340287,-0.09081196954756048,0,0,0,1,0,0,0,0,0,1,0
-1.3017878813690047,-0.8798816387303786,0.08069936464138076,2,1.4165093541161564,1.3223408403937713,2.147998744536057,0,-1.39550752165748,2.1502352588549583,-0.41854459736493244,1,0,0,0,0,0,1,0,0,0,0
0.562903801881136,1.3765394612341577,1.4163308477424548,0,0.5023454586287749,1.0810347819765185,-0.5596832471905318,0,0.588156332866301,-0.561268741626419,-0.2147512385440557,0,0,0,1,0,0,1,0,0,0,0
0.7959902622874037,0.15490252493642206,1.1015641924893358,2,-1.5276436981484942,0.9010777214619566,-0.8286582794812525,0,0.9600933055895099,-0.8228781639991879,-0.3258573887189743,1,0,0,0,0,1,0,0,0,0,0
0.6794470320842698,-0.298342953687326,0.13174260603377833,1,0.9035075327430462,-1.0845848439884873,0.1934468432234863,0,1.4560092692204551,0.18771594194347146,-0.3193144272756573,1,0,0,0,0,0,0,0,1,0,1
1.3204347982015057,0.5546886370977712,-1.1188168080799665,0,0.2663193498782906,0.019697118259957527,-0.4520932342742434,0,-0.03173862167238052,-0.4552253745092598,0.4270092659962768,1,0,0,0,0,0,0,0,1,0,0
-1.5931459568768391,-0.94256773019366,-1.5271627392191485,0,1.6130262973216598,-0.11118074393245085,2.883197166130694,0,1.0840722964972462,2.8833706806218875,-0.0381310888190991,1,0,0,0,1,0,0,0,0,0,1
1.2621631830999387,-0.744633614471213,-0.999715911497705,1,-0.5935194429847422,0.019697118259957527,-0.0038015137897088724,0,-1.7674444943806888,-0.008036091089090392,-0.25692751932622,1,0,0,0,1,0,0,0,0,0,0
1.203891567998372,1.4121713113003793,0.03816333014771597,1,0.2826786137367592,-0.4588250653810352,-0.5955465848292945,0,0.09224036923535578,-0.598506167841944,0.0027560043332672504,0,0,0,1,0,0,0,1,0,0,0
0.32981734147486846,0.01650164992318611,-0.616891601054722,4,1.3695922200314916,0.4041508384501566,0.06792516148781672,0,1.332030278312719,0.06747179461235654,-0.11786793180152717,0,0,0,1,0,0,0,0,0,1,0
-0.7190717303533357,0.4138999412928495,0.6081461923628241,2,0.5689142870339899,-0.7389854891366593,-0.34450322135795514,0,-1.6434655034729524,-0.3466792241570026,-0.2547930988408074,0,0,0,1,0,0,0,0,0,1,0
1.0290767226936712,-0.3380781462790658,0.7782903303374833,2,-0.5240697379252057,-1.1622935746652299,-0.36243489017733654,0,-0.15571761258011682,-0.3587657648127804,-0.3688324417751397,1,0,0,0,1,0,0,0,0,0,0
-1.2435162662674377,-0.26737083157381125,0.20830746812237513,3,1.0617499718268495,-1.595826493177582,0.2113785120428677,0,-0.8995915580265347,0.21610053226594955,-0.320866617624928,0,0,0,1,0,0,0,1,0,0,0
-0.544256885048635,-0.18984779538549282,-0.16600963542187522,2,1.7229111639936376,0.8151891243981891,0.37276353141730006,0,-0.4036755943955894,0.37563477878891577,-0.2647545251988591,0,0,0,1,0,0,0,1,0,0,0
1.4369780284046394,-0.7585896156032009,-0.04690873883961362,3,0.7186169846067688,-0.09277604456164347,0.9645086024568859,1,0.9600933055895099,0.9707874314583536,-0.38962258214501144,0,0,0,1,0,1,0,0,0,0,0
-0.6025285001502019,0.9704940130169336,-0.8891222218141767,1,-1.5962702955925103,-0.8903130172966314,-0.8645216171200152,0,0.588156332866301,-0.8691129435472285,0.34771305673770947,0,0,0,1,0,1,0,0,0,0,0
-1.4183311115721384,-1.0160106065825931,-0.7700213252319152,0,1.65119791299142,1.2507670095072976,3.8694389511966696,0,-0.5276545853033258,3.874571170045414,-0.3989544642630785,0,0,0,1,0,0,0,0,0,1,0
-0.019812349134532944,-0.2713118950163992,1.5609533650209153,3,0.8485650994070573,0.04628168401779025,0.13965183676534212,1,-0.03173862167238052,0.13771392660314916,-0.3917841430685431,1,0,0,0,0,0,0,1,0,0,0
-0.7190717303533357,0.011146440186493061,1.1951434683753983,1,-0.5611095806236253,0.6004676317387692,-0.523819909551769,0,-0.651633576211062,-0.5176176292510842,-0.34732187260496855,0,0,0,1,0,0,0,0,1,0,0
-0.8356149605564696,-0.3032113261752288,0.9569416752108753,1,0.0998458346392829,-1.5937815265808257,-0.12932319552537855,0,0.7121353237740373,-0.12847300289729044,-0.3728246619567274,0,0,0,1,1,0,0,0,0,0,0
-0.8938865756580364,-0.4815792210415332,-0.5233123251686594,3,-1.4483167017027125,-1.049820411843629,-0.7031365977455828,0,-0.7756125671187983,-0.7112791914386197,-0.2768756044711314,0,0,0,1,0,0,1,0,0,0,0
-0.2528988095408005,-0.5613973471170058,0.9654488821096083,4,0.19800141779009459,0.49412936870743757,0.1934468432234863,0,-0.8995915580265347,0.19551738015793607,-0.4046101653153125,0,0,0,1,1,0,0,0,0,0,1
-0.6025285001502019,-0.28480424162572976,-0.5828627734597901,0,-1.6364996803010716,-0.657186825266404,-0.8286582794812525,0,0.09224036923535578,-0.8248349051925895,-0.21174573471312197,0,0,0,1,0,0,0,1,0,0,0
1.3204347982015057,-0.5195988918994405,1.0930569855906027,2,-0.6752128738251453,-1.7471540213375543,-0.3086398837191923,0,-0.03173862167238052,-0.30773764294744915,-0.40378481869662625,0,0,1,0,0,0,0,0,1,0,0
0.27154572637330154,-0.6474052610699548,1.4163308477424548,0,-0.4803421458506827,0.11990048150102015,-0.07552818906723446,0,0.7121353237740373,-0.07227481824557351,-0.42642853035209854,1,0,0,0,0,1,0,0,0,0,0
0.44636057167800225,-0.7790135973262597,-0.31063215270033545,0,-0.7236733346889108,1.369375072119168,-0.03966485142847167,0,-0.651633576211062,-0.04790072854229212,-0.3753809017346445,0,0,0,1,0,0,0,1,0,0,0
-0.13635557933766673,2.1446295434684175,-0.6424132217509209,3,0.17876127727730445,0.7742897924630617,-0.6852049289262014,0,-0.5276545853033258,-0.6783978361550597,0.5090979122441633,0,0,0,1,1,0,0,0,0,0,0
0.03845926596703395,-0.3665233512440977,0.2593507095147727,0,0.4126267285370476,0.1485300138556092,0.04999349266843532,0,0.9600933055895099,0.05785065141600317,-0.3414081826593098,0,0,0,1,0,1,0,0,0,0,1
-0.019812349134532944,-0.32372803880281903,1.1355930200842674,1,0.1809219347680456,0.32235217457990173,-0.07552818906723446,0,-1.5194865125652162,-0.07898754465377984,-0.38267729525211636,0,0,0,1,0,0,0,0,0,1,0
0.27154572637330154,0.909106154217093,1.6885614685019097,0,-0.5768515137704535,0.6659065628349734,-0.6852049289262014,0,-0.8995915580265347,-0.682394019441944,-0.2817790968980206,1,0,0,0,0,0,0,0,1,0,0
-0.544256885048635,0.04010166512644812,-0.6849492562445857,0,-0.55133517768932,-0.6837713910242368,-0.523819909551769,0,-1.39550752165748,-0.5232726379869637,-0.0876497932214524,1,0,0,0,1,0,0,0,0,0,1
-0.31117042464236744,-0.7328567895957149,-0.7700213252319152,1,0.8435235652619946,1.1055743811375947,0.9824402712762672,0,0.7121353237740373,0.9739934508823145,-0.3064411001948414,1,0,0,0,0,0,0,0,0,1,0
0.7377186471858367,5.233287328876866,-1.5356699461178813,4,-1.3141501603728818,0.7374803937214462,-0.8824532859393965,0,-1.2715285307497435,-0.8837529927935398,7.852588706953394,0,0,0,1,0,0,0,1,0,0,0
1.0873483377952382,-0.010042571498950433,1.0845497786918696,1,1.0733763668960756,1.1628334458467735,-0.0038015137897088724,0,1.4560092692204551,-0.004296714439876822,-0.344088873113539,0,0,0,1,0,0,0,1,0,0,0
1.4952496435062064,-0.2530902722759631,-1.603727601307745,0,-0.22682500027038915,1.723154293358021,-0.290708214899811,0,-0.5276545853033258,-0.29032735339884497,1.3261733451045203,0,0,0,1,0,0,0,1,0,0,0
1.145619952896805,-0.49924445835478043,-1.620742015105211,1,1.6620012004451257,0.45527500336906607,0.8389869207212161,0,-1.023570548934271,0.8372212475484264,1.0363206193012182,1,0,0,0,0,0,0,0,0,1,0
0.7959902622874037,0.8052011756895681,0.9058984338184777,2,-0.1162199144348309,0.019697118259957527,-0.5776149160099131,0,-1.6434655034729524,-0.5829576502173792,-0.23270174290748996,0,0,0,1,0,0,0,1,0,0,0
-0.544256885048635,-0.47703540671949063,-0.34466098029526715,2,-0.4065711258096638,0.6945360951895628,-0.20104987080290404,0,1.2080512874049825,-0.20900119911538725,-0.3027431683807901,0,0,1,0,0,1,0,0,0,0,1
1.2621631830999387,1.02425475491906,0.38695881299576707,1,-0.7192491312554885,0.25077834369342816,-0.7210682665649641,0,0.09224036923535578,-0.7186334161977842,-0.13649479681593743,1,0,0,0,0,0,1,0,0,0,0
-1.5931459568768391,1.8653936071979944,1.5354317443247167,1,-0.3276556831716423,1.506387834101845,-0.7210682665649641,1,1.2080512874049825,-0.7216982775834248,-0.17549661568616465,0,0,0,1,0,0,1,0,0,0,0
0.09673088106860085,0.7583257034489043,0.22532188191984098,2,-0.5625500189507859,-1.4792633971624685,-0.66727326010682,0,1.2080512874049825,-0.662431013845213,-0.15196250935513336,1,0,0,0,0,0,0,0,1,0,0
-1.185244651165871,-0.800596715355962,-1.246424911560961,2,0.6637774397227199,1.506387834101845,1.0900302841925555,0,1.332030278312719,1.0823553067277263,-0.18427255985347818,0,0,0,1,0,0,0,1,0,0,0
-1.7679608021815398,-0.7350359658522047,-0.04690873883961362,0,-1.5149884185598677,1.0278656504608523,-0.66727326010682,0,-0.27969660348785313,-0.6671101572164524,-0.38510237418490656,0,0,0,1,0,0,0,0,1,0,0
-1.068701420962737,-0.28032997548208577,-0.3361537733965344,0,0.4469914714850257,0.2610031766772102,-0.0038015137897088724,0,1.5799882601281914,-0.010164373477189884,-0.2586549677552341,0,0,0,1,0,0,0,1,0,0,0
0.21327411127173465,-0.39399488171154906,-0.46376187687752873,3,-0.06611323834002451,-0.03756194644922132,-0.12932319552537855,0,1.2080512874049825,-0.12342039122868545,-0.2645940527674366,1,0,0,0,0,0,1,0,0,0,0
1.5535212586077733,-0.22388003734854647,-1.5356699461178813,0,-0.8794464509261529,-0.4547351321875225,-0.5417515783711504,0,0.7121353237740373,-0.5492467376918719,0.893169410569232,1,0,0,0,0,1,0,0,0,0,0
1.4952496435062064,-1.010864041381096,0.5060597095780287,1,0.5499828118770199,0.2282837111291081,2.327315432729871,0,-0.4036755943955894,2.3214533232097474,-0.4519551591653138,0,0,1,0,0,0,1,0,0,0,0
-0.31117042464236744,-0.9781995802598817,-0.09795198023201149,4,-1.3119895028821407,0.019697118259957527,-0.23691320844166686,0,-0.8995915580265347,-0.23996424494171625,-0.4298392638801408,0,0,0,1,0,0,0,0,1,0,0
1.0873483377952382,-0.44474186921640224,0.36143719229956817,0,1.337902576833955,-0.9905163805376936,0.5700118884304952,0,1.4560092692204551,0.5762625113433303,-0.36088910632669086,0,0,0,1,0,1,0,0,0,0,1
-0.9521581907596033,-0.28457241436440106,-0.6849492562445857,1,1.0914847344375251,-1.0048311467149884,0.2472418496816305,0,0.09224036923535578,0.24675091580938427,-0.18563121693923276,0,0,0,1,0,0,0,1,0,0,0
-0.019812349134532944,0.3333399679811251,-1.1868744632698303,3,-1.7082129313032894,0.08922598254967438,-0.8824532859393965,0,-0.27969660348785313,-0.8775362211155809,0.408035193804423,0,0,0,1,0,0,1,0,0,0,0
-0.6608001152517688,-0.8049550678689417,0.9824632959070742,1,1.1166924051628384,-0.6735465580404552,1.4665953293995646,1,-1.7674444943806888,1.4595655368436953,-0.4346152038926763,0,0,0,1,0,0,0,0,0,1,0
0.44636057167800225,0.33946020768020285,1.5354317443247167,1,0.4772406763554017,1.1894180116046063,-0.34450322135795514,1,-0.5276545853033258,-0.3433453473003806,-0.3293889315911398,1,0,0,0,0,0,1,0,0,0,0
-1.185244651165871,-0.4554059232375226,0.4550164681856308,0,0.7218065266169105,0.7252105941409082,0.3010368561397747,0,1.5799882601281914,0.3046321872983195,-0.36809110440255527,1,0,0,0,1,0,0,0,0,0,0
-0.544256885048635,0.5477106365317771,0.9058984338184777,3,1.098892702977209,1.6945247610034322,-0.2727765460804296,0,1.5799882601281914,-0.2727048473754604,-0.264712915286082,1,0,0,0,0,1,0,0,0,0,0
1.3204347982015057,-0.7434049299861708,1.7055758822993758,4,0.23699614107537512,-1.060045244827411,0.5700118884304952,0,0.588156332866301,0.5789270571206119,-0.44138697153066264,0,0,0,1,0,1,0,0,0,0,0
0.38808895657643533,-0.6869781745787644,-0.08944477333327841,5,0.8306625087694878,0.019697118259957527,0.8210552519018346,0,1.5799882601281914,0.827071251273176,-0.37288984871906544,0,0,0,1,0,0,0,0,0,1,0
0.5046321867795691,0.0981280286370226,-1.1528456356748984,1,0.01948995367410057,-1.4158694326630208,-0.38036655899671795,0,0.588156332866301,-0.37608429810684363,0.23809835071924706,0,0,0,1,0,0,0,1,0,0,0
1.203891567998372,-0.38059526600675,0.19980026122364206,4,-1.4097335322251923,-1.1254841759236147,-0.7210682665649641,0,1.332030278312719,-0.7169819471398026,-0.33916866685467983,0,0,0,1,1,0,0,0,0,0,0
0.7959902622874037,-0.30858971863805473,-0.4127186354851309,1,0.9607135120217163,0.7190756943506388,0.2293101808622491,1,0.7121353237740373,0.22200560858328872,-0.25240047435336993,0,0,0,1,0,1,0,0,0,0,0
-1.651417571978406,-0.7622061208799287,0.6676966406539547,2,-1.354173768177563,0.5800179657712051,-0.5417515783711504,0,0.8361143146817737,-0.5367972718919796,-0.420947328752495,1,0,0,0,0,0,0,0,1,0,0
-0.9521581907596033,1.41831473372559,1.2291722959703302,0,0.7373426828598586,0.2998575420155813,-0.523819909551769,0,-1.023570548934271,-0.5319658471950828,-0.19272751926251458,0,0,0,1,0,0,1,0,0,0,0
-0.8356149605564696,0.6107908343393174,-0.3701826009914661,2,-0.7405470408070797,-1.0907197437787564,-0.6852049289262014,0,1.5799882601281914,-0.6801910314790864,-0.04330412478426904,1,0,0,0,0,0,0,0,0,1,1
1.145619952896805,-0.37612099986310604,-0.15750242852314214,3,-1.7724153253138832,-0.9066727500706825,-0.8824532859393965,0,-0.27969660348785313,-0.8743296689617484,-0.30410882193781397,1,0,0,0,1,0,0,0,0,0,0
-1.3017878813690047,1.8655095208286587,-1.6802924633963419,3,-1.4543871203671757,1.3121160074099891,-0.8645216171200152,0,-0.651633576211062,-0.8649368845629967,8.480189808610069,1,0,0,0,0,0,0,0,0,1,0
-1.0104298058611703,-0.4611784220446073,1.5439389512234492,0,-1.0192718571126864,0.3734763394988112,-0.5058882407323876,0,1.2080512874049825,-0.5127675051586369,-0.41035300564071436,1,0,0,0,0,0,0,1,0,0,0
0.8542618773889705,-0.9568482894915081,-0.02989432504214776,4,0.43063220762655713,0.08513604935616172,1.6997070240515224,0,0.8361143146817737,1.6951315684504755,-0.4283282745128166,0,0,0,1,1,0,0,0,0,0,0
-1.5348743417752724,-1.0400742763085127,0.8633623993248128,4,-0.7364315027294775,1.723154293358021,0.7672602454436904,0,0.9600933055895099,0.7650346426260967,-0.4615635351188307,1,0,0,0,0,0,0,0,0,1,1
-0.6608001152517688,-1.1819525602416792,-0.174516842320608,0,-1.8115129370511038,-1.0314157124728214,-0.7210682665649641,0,1.332030278312719,-0.7245604491335434,-0.4688919999852711,1,0,0,0,0,1,0,0,0,0,0
-1.4183311115721384,-0.21912757849130807,-1.6632780495988757,2,-1.5182808490219493,-0.9639318147798609,-0.7927949418424897,0,1.2080512874049825,-0.7867866283194119,2.2073197539995335,1,0,0,0,0,0,0,0,1,0,0
0.21327411127173465,0.0935146661365814,-1.2974681529533585,1,0.2947165626137455,0.33666694075719605,-0.290708214899811,0,0.09224036923535578,-0.29524855586380044,0.44654583720477725,0,0,0,1,0,0,0,0,0,1,0
-1.4183311115721384,-1.1890464744383376,1.2546939166665287,1,1.3612582554243473,-0.7001311237982878,9.607572973398712,0,-0.4036755943955894,9.608140328022097,-0.48238947029732815,1,0,0,0,0,1,0,0,0,0,0
1.61179287370934,-0.47708177217175635,-0.7870357390293811,1,-1.5544975841048485,-1.6592204576770295,-0.756931604203727,0,-1.2715285307497435,-0.7637055552460383,-0.21828159899120492,1,0,0,0,0,0,1,0,0,0,1
1.4369780284046394,-0.966700948097978,0.7187398820463526,1,-1.6830052605779762,-1.0068761133117448,-0.7031365977455828,1,1.4560092692204551,-0.6950784669770194,-0.4497822790313694,0,0,0,1,0,0,0,0,1,0,1
1.0290767226936712,-0.8673397838924957,-1.1273240149786994,0,0.47322802672973957,0.9685616191549176,1.215551965928225,0,-0.651633576211062,1.2091351209507155,-0.2729270025556017,1,0,0,0,1,0,0,0,0,0,0
1.670064488810907,-0.7282897925475394,-0.8380789804217788,2,-0.7927114859406872,-0.6121975601377636,-0.16518653316414136,0,-0.8995915580265347,-0.17106868337781944,-0.2914185759082755,1,0,0,0,0,0,0,0,1,0,0
-0.6025285001502019,-0.13265601001570168,-1.433583463333086,0,1.2577524727726528,0.21192397835505705,0.1575835055847235,0,0.3401983510508284,0.1537396496548113,0.5893462576215692,1,0,0,0,0,0,0,0,0,1,0
1.4952496435062064,-0.7298198524723088,-1.578205980611546,0,-1.4576795508292575,-0.3034076040275504,-0.6314099224680572,0,-0.5276545853033258,-0.6296642372857072,0.39103492331990114,1,0,0,0,0,0,0,0,0,1,0
1.4369780284046394,-1.1421941849238064,-1.3825402219406884,1,-0.997459505301395,-0.09686597775515614,1.1617569594700807,0,-0.8995915580265347,1.1533512769270393,-0.35806692902194454,1,0,0,0,0,0,0,0,0,1,0
0.27154572637330154,0.07346160803164854,1.169621847679199,0,0.187403907240269,0.6086474981257946,-0.3086398837191923,0,0.3401983510508284,-0.3175089575837132,-0.33898439487797694,0,0,0,1,0,0,0,1,0,0,0
0.09673088106860085,-0.01595416666283237,1.441852468438654,5,-0.3847587739983723,-0.28704787125349934,-0.4520932342742434,0,0.7121353237740373,-0.4543162545410966,-0.36145560365233764,1,0,0,0,0,0,1,0,0,0,0
0.09673088106860085,0.949513645866686,0.1402498129325114,1,0.6191238515807364,1.4675334687634736,-0.4700249030936248,1,-1.39550752165748,-0.4730286296783678,-0.10371954574793896,0,0,1,0,0,0,0,0,0,1,0
0.44636057167800225,-0.07748112181947026,0.4635236750843639,0,0.6824002495238697,-0.48540963113886826,-0.07552818906723446,0,-0.7756125671187983,-0.08226164186136672,-0.3124039238874575,0,0,0,1,0,0,1,0,0,0,0
0.7377186471858367,-0.7663790115838454,0.6421750199577558,2,-1.2794767520690835,-0.8412338189744782,-0.4700249030936248,0,1.5799882601281914,-0.47869249664635966,-0.42073692933304513,1,0,0,0,0,1,0,0,0,0,0
-1.5348743417752724,-0.8262831759111824,0.846347985527347,1,-0.3700457253709446,0.048326650614546954,0.3369001937785373,0,0.09224036923535578,0.33002783453987894,-0.4341649616736501,1,0,0,0,0,0,0,1,0,0,1
1.4952496435062064,-0.13488155172445723,-1.3570186012444894,4,-1.699981855148085,-1.5303875620813778,-0.8645216171200152,0,1.2080512874049825,-0.8585006127865958,0.3997945374055209,0,0,0,1,0,0,0,0,0,1,0
-0.544256885048635,-0.16696644469234978,0.38695881299576707,0,-0.45276804073074817,1.8008630240347638,-0.4162298966354806,0,-0.15571761258011682,-0.41716044727015533,-0.31973751013182933,1,0,0,0,0,0,0,0,0,1,0
0.562903801881136,-0.4926605641330452,-0.7870357390293811,0,1.3897583566117422,-0.37089150172051094,0.695533570166165,0,-1.7674444943806888,0.6890749027039733,-0.22345712195432652,1,0,0,0,1,0,0,0,0,0,0
0.09673088106860085,1.1344886176808584,0.6932182613501537,0,-1.555526468624249,-1.3013513032446633,-0.8645216171200152,1,-0.27969660348785313,-0.8656848091847757,-0.1658005722891611,1,0,0,0,0,0,1,0,0,0,0
1.4952496435062064,-0.08508505599105173,0.28487233021097164,2,0.12351017858549536,0.019697118259957527,-0.25484487726104826,0,-0.651633576211062,-0.2609689773812438,-0.29788849175869914,1,0,0,0,1,0,0,0,0,0,0
-1.068701420962737,-0.5530979311614382,1.2461867097677957,2,-0.44649184516240487,1.326430773587284,-0.16518653316414136,0,-1.7674444943806888,-0.15924525714102963,-0.4121239041655693,0,0,0,1,0,0,0,1,0,0,0
1.4952496435062064,-0.7528402995222491,0.2933795371097047,0,-1.8145995906093053,-0.4486002323972535,-0.8824532859393965,0,0.7121353237740373,-0.8751625711557242,-0.4060064189414499,0,0,0,1,0,0,0,0,1,0,0
-1.0104298058611703,-0.9967689438923109,1.4758812960335859,3,-0.27065548079685225,1.835627456179622,1.125893621831318,0,-1.5194865125652162,1.1293925089502646,-0.4635690404246492,0,0,1,0,0,0,1,0,0,0,0
-0.3694420397439343,0.1676993897617665,-1.3825402219406884,0,0.31622024906921686,-0.5079042637031883,-0.32657155253857373,0,-0.5276545853033258,-0.32059324394128813,0.6987684786628799,0,0,0,1,0,0,0,1,0,0,0
-0.7190717303533357,-0.7103463625206977,1.7310975029955746,3,1.0815045545993398,-1.3279358690024963,1.0541669465537928,0,-1.023570548934271,1.0628424771386025,-0.43863301521238274,1,0,0,0,1,0,0,0,0,0,0
0.7377186471858367,1.2721476454578424,0.6506822268564889,3,0.9789247680151059,0.019697118259957527,-0.4700249030936248,0,-0.4036755943955894,-0.47236371719394304,-0.1411703823083042,1,0,0,0,1,0,0,0,0,0,0
0.21327411127173465,-0.5910480538409469,0.11472819223631248,1,-0.5978407579662246,1.5268375000694092,-0.20104987080290404,0,-0.5276545853033258,-0.20403918441751712,-0.36917314946943364,1,0,0,0,0,0,1,0,0,0,0
1.2621631830999387,-0.6482398392107381,0.1402498129325114,3,0.035128998368988806,0.5595682998036418,0.2472418496816305,1,-1.39550752165748,0.242005007685512,-0.3807594637172276,1,0,0,0,0,0,0,1,0,0,0
-0.8356149605564696,-0.40407936757934765,-0.04690873883961362,1,-1.2343087216673998,1.3939146712802442,-0.6314099224680572,0,-0.03173862167238052,-0.6338125971973915,-0.3215881135171321,0,0,0,1,0,0,0,0,0,1,0
-0.6608001152517688,-0.4285835091017916,1.161114640780466,1,0.2547958432610045,1.82540262319584,0.04999349266843532,0,0.8361143146817737,0.054238954598644626,-0.39556663106621254,1,0,0,0,1,0,0,0,0,0,1
-0.8938865756580364,7.933959009725598,1.0930569855906027,0,-0.09090935525757757,0.2834978092415303,-0.8465899483006338,0,-0.4036755943955894,-0.8404004164845299,0.5791575109801069,0,0,0,1,0,0,0,1,0,0,0
1.203891567998372,-0.22812247623086174,0.5741173647678921,0,1.13840186852219,0.8070092580111637,0.2113785120428677,0,-1.5194865125652162,0.2036129551863819,-0.3423071844494987,1,0,0,0,0,0,0,0,0,1,0
1.3787064133030726,-0.3752168735439241,-1.1528456356748984,2,1.0366451895534763,-0.07437134519083609,0.3369001937785373,0,-0.15571761258011682,0.33571164255466585,-0.008126303013933574,1,0,0,0,0,0,1,0,0,0,1
0.8542618773889705,-0.5708095339269511,1.5184173305272506,3,-1.039129328337117,0.02174208485671386,-0.4700249030936248,0,-1.2715285307497435,-0.4636879105464625,-0.4208068151344699,0,0,0,1,0,1,0,0,0,0,0
-1.5348743417752724,-0.2916199631087936,0.6421750199577558,2,1.00546998861564,0.15875484683939126,0.2293101808622491,1,-0.7756125671187983,0.2207666337324197,-0.3553397860784704,1,0,0,0,0,0,0,0,0,1,1
0.562903801881136,-1.0603591616747743,-0.7019636700420515,2,0.5118111962072599,1.1444287464759662,2.901128834950075,0,-1.5194865125652162,2.894521778700328,-0.4185680330402462,0,0,1,0,1,0,0,0,0,0,0
-0.3694420397439343,-0.6106606401493553,0.35292998540083537,0,1.3120775753970013,-1.4588137311949048,0.9107135959987416,1,-1.7674444943806888,0.914360063203951,-0.3862812247537558,0,0,1,0,0,1,0,0,0,0,0
-0.3694420397439343,-0.7806827536078264,1.0505209510969378,0,1.478448202184069,0.019697118259957527,1.6279803487739968,0,-0.03173862167238052,1.6256716109036182,-0.4332182720579946,0,0,0,1,0,0,0,0,1,0,0
1.0873483377952382,-0.29530601656392,1.6970686754006428,0,-1.5316563477741563,-0.4874545977356246,-0.7748632730231083,0,1.2080512874049825,-0.7822514357674689,-0.39815172839894825,1,0,0,0,0,0,0,0,1,0,0
-0.19462719443923363,-0.07942847081463136,-0.9486726701053073,1,0.9100923936672096,-0.855548585151773,-0.0038015137897088724,1,1.4560092692204551,-0.00637118543199352,-0.008295614118763278,0,0,0,1,0,0,0,0,0,1,0
-1.651417571978406,0.6866910796983349,0.1402498129325114,2,0.7306549334837551,-0.274778071672961,-0.3982982278160993,0,-1.023570548934271,-0.391973496289408,-0.14929124554506354,1,0,0,0,0,0,0,0,0,1,0
-1.126973036064304,-0.4154157206583213,0.3018867440084375,4,-1.230913402753378,-1.5733318606132618,-0.6314099224680572,0,1.4560092692204551,-0.6286919848355162,-0.35236438725506664,1,0,0,0,0,0,0,0,0,1,0
-1.4183311115721384,-0.9217728248524752,-0.7785285321306481,3,0.6071887911556901,0.46549983635284814,1.6459120175933781,0,-1.6434655034729524,1.6432162301520432,-0.36709880705404085,1,0,0,0,0,0,0,0,0,1,0
-1.126973036064304,0.5522544508538197,-0.9486726701053073,2,-0.9621687662859565,0.019697118259957527,-0.7210682665649641,0,1.0840722964972462,-0.7207238379506417,0.24143199472345897,1,0,0,0,0,0,1,0,0,0,1
0.9708051075921043,-0.5764661191033715,0.7017254682488865,1,-1.6076909137578563,0.019697118259957527,-0.7748632730231083,0,-1.1475495398420072,-0.7720208069208886,-0.396993191744751,0,0,0,1,0,0,0,0,1,0,0
-1.5931459568768391,-0.7058720963770537,-0.11496639402947735,0,0.2407001253452171,0.5902427987549871,0.48035354433358846,0,1.2080512874049825,0.4888693410746762,-0.37479600882705083,1,0,0,0,0,0,0,0,1,0,0
0.38808895657643533,-0.7058025481986552,-0.04690873883961362,0,0.7212920843572102,1.0135508842835577,0.8031235830824532,1,-1.39550752165748,0.8084047340697106,-0.37949215544702025,0,0,0,1,0,0,0,0,0,1,1
-0.7190717303533357,0.15942315653233177,-1.6887996702950747,1,1.3952114445645651,0.7558850930922543,-0.02173318260909027,0,0.4641773419585647,-0.021169987087483518,3.9823709485558108,0,0,0,1,0,0,1,0,0,0,0
-0.7773433454549026,-0.6701938808585663,-0.9061366356116425,1,0.18256814999908647,0.7436152935117155,0.37276353141730006,0,-1.023570548934271,0.3742664337768931,-0.25395265874714834,0,0,0,1,0,0,1,0,0,0,0
0.6794470320842698,-0.8034018252180393,-0.5828627734597901,2,-0.08699959408385552,0.019697118259957527,0.49828521315296986,1,1.2080512874049825,0.4983325654566113,-0.35511691971060977,1,0,0,0,0,1,0,0,0,0,0
1.2621631830999387,-0.2408961583300733,-0.27660332510540375,4,1.4881197166664342,1.3468804395548473,0.3548318625979187,0,1.5799882601281914,0.3487583124294182,-0.25922987818935045,1,0,0,0,0,1,0,0,0,0,0
-0.19462719443923363,-0.7930623293627791,-1.6547708427001429,1,1.2748319557947017,0.4716347361431175,1.5203903358577087,0,-0.8995915580265347,1.5280446274893975,0.7136051978715737,0,0,0,1,0,0,0,0,0,1,1
-1.0104298058611703,-0.635558888016058,-1.5356699461178813,3,1.5000547770914803,-0.021202213675170275,1.0900302841925555,1,0.588156332866301,1.0937763205224154,0.36816338730144743,0,0,0,1,0,0,1,0,0,0,1
1.670064488810907,-0.9739803241036993,-0.9401654632065743,2,0.14871784931080864,0.6434119302706534,1.484526998218946,0,0.9600933055895099,1.491333690424793,-0.3632729536526941,1,0,0,0,0,0,0,1,0,0,1
-1.0104298058611703,0.1995060900160646,0.8633623993248128,1,0.979233433370926,0.019697118259957527,-0.14725486434475996,1,-1.023570548934271,-0.15605756274735233,-0.30499742029428656,1,0,0,0,1,0,0,0,0,0,0
1.670064488810907,-0.9541590932600952,-1.578205980611546,2,0.7098714661918641,0.5616132664003977,1.986613725161625,0,1.2080512874049825,1.9897826935826617,0.049921098343871054,0,0,1,0,0,0,0,1,0,0,0
-1.2435162662674377,4.253028937074577,1.492895709831052,2,0.2770197488800562,0.9685616191549176,-0.756931604203727,0,0.09224036923535578,-0.76214988632349,0.07255220774266379,0,0,1,0,0,0,0,1,0,0,0
1.5535212586077733,-0.13506701353352019,-1.1103096011812335,3,0.5745731518906929,0.6168273645128198,-0.07552818906723446,0,-1.2715285307497435,-0.07837894288325624,0.07896401586042784,1,0,0,0,0,0,0,0,0,1,0
-0.8938865756580364,-0.4262420537623717,-0.0554159457383467,1,-0.9716345038644414,0.5023092350944629,-0.5058882407323876,0,-1.39550752165748,-0.5070398766572919,-0.3250110186412909,1,0,0,0,1,0,0,0,0,0,0
-1.2435162662674377,0.940565113579398,1.2376795028690633,1,1.6791835719191146,1.3387005731678219,-0.2727765460804296,0,-1.5194865125652162,-0.2812021540970529,-0.2464825512480952,0,0,0,1,1,0,0,0,0,0,1
-0.19462719443923363,-0.32129385255886767,0.7612759165400175,2,-1.7830128358637087,0.7456602601084723,-0.8824532859393965,0,-1.7674444943806888,-0.8810791760857007,-0.36578257057113306,1,0,0,0,0,0,1,0,0,0,0
-1.068701420962737,-0.6733930970649025,1.1951434683753983,3,0.1490265146666288,-1.2134177395841392,0.3548318625979187,0,0.588156332866301,0.3595469932275475,-0.4242036290838963,1,0,0,0,0,0,0,1,0,0,0
-0.9521581907596033,0.290266462826252,-1.5016411185229497,1,1.4110562661633335,-0.9209875162479768,-0.09345985788661576,0,0.8361143146817737,-0.09038366555411155,1.3151457576025334,1,0,0,0,0,0,0,0,0,1,0
-0.544256885048635,-0.8757087480264619,0.3018867440084375,1,0.49401149402163047,1.7292891931482903,1.2693469723863693,0,0.9600933055895099,1.2690210361614909,-0.42603679546007883,1,0,0,0,0,0,1,0,0,0,0
-0.07808396423609984,-0.5045533026392077,-1.5696987737128134,0,0.16847243208329904,0.6311421306901146,0.10378849912657931,0,-1.023570548934271,0.10246940634499847,0.6880171088390106,1,0,0,0,0,1,0,0,0,0,1
0.15500249617016776,-0.16923835185337108,1.6970686754006428,4,-0.23464452261783328,0.6290971640933586,-0.34450322135795514,0,0.09224036923535578,-0.3391200006002018,-0.38602540044252237,1,0,0,0,0,0,0,0,1,0,0
1.4369780284046394,-0.1382662297398563,1.1355930200842674,1,1.0915876228894652,-0.23796867293134621,0.10378849912657931,0,-0.27969660348785313,0.10171316604349687,-0.3614251478190083,0,0,0,1,0,0,0,1,0,0,1
-0.544256885048635,-0.5629042243156424,-1.1018023942825006,0,-0.7477492324428835,-0.7860197208620557,-0.3086398837191923,0,-0.15571761258011682,-0.31156091534646074,-0.1343166660003962,0,0,0,1,1,0,0,0,0,0,0
-1.3600594964705717,-0.43386917066008607,-0.7700213252319152,2,-1.7593484919174962,-0.5733431947993924,-0.8645216171200152,0,-0.5276545853033258,-0.8654352575866767,-0.20875444091957907,0,0,0,1,0,0,0,1,0,0,0
-0.6025285001502019,0.9454103033411678,0.28487233021097164,1,-0.12301055226287448,-0.7573901885074666,-0.6134782536486758,0,-1.39550752165748,-0.6049916995736442,-0.1316056724146001,0,0,0,1,0,0,0,0,0,1,0
1.5535212586077733,-1.0378023691474914,-0.4722690837762617,1,0.5593456610035649,0.5166240012717576,2.6500854714787354,0,1.332030278312719,2.6520238978164534,-0.4262646833340278,1,0,0,0,0,0,1,0,0,0,1
-0.07808396423609984,-0.8339334755350295,-0.2595889113079376,1,1.4236086573000202,-1.0171009462955267,1.8610920434259548,0,-0.15571761258011682,1.8620668324354481,-0.39137699683131516,1,0,0,0,0,0,0,0,1,0,0
-0.19462719443923363,-0.38602002392184165,0.029656123248982886,0,-1.3045815343424567,-1.2788566706803433,-0.66727326010682,0,-1.1475495398420072,-0.6699789115791791,-0.3255711070528996,0,0,0,1,1,0,0,0,0,0,0
1.670064488810907,-0.021564386386986992,-0.7359924976369834,1,-1.36765215538171,-1.1254841759236147,-0.756931604203727,0,-0.27969660348785313,-0.759785410357363,-0.0875489363700197,0,0,0,1,0,1,0,0,0,0,0
1.670064488810907,-0.35845576254985884,-0.04690873883961362,1,-1.202310413114043,0.7149857611571261,-0.6314099224680572,0,0.3401983510508284,-0.6338660008545551,-0.3128324351062201,0,0,0,1,0,0,1,0,0,0,1
0.44636057167800225,1.8728816277389115,-0.02989432504214776,5,1.3542618406924236,1.1362488800889408,-0.5058882407323876,0,0.4641773419585647,-0.508847779380206,0.10950674285083153,0,0,0,1,0,0,0,0,0,1,0
0.6794470320842698,0.5790768649895507,-0.5318195320673923,0,-0.15202509570996975,-1.1991029734068446,-0.5417515783711504,0,1.4560092692204551,-0.5505270773026083,0.006015976874659427,1,0,0,0,0,1,0,0,0,0,0
-1.5931459568768391,-1.0222003944600695,1.220665089071597,2,0.9072115170128882,-1.2890815036641252,2.936992172588838,0,-0.7756125671187983,2.9435935407762424,-0.4636549737179797,0,0,1,0,0,1,0,0,0,0,0
0.621175416982703,-0.5080075288330054,-1.0507591528901028,3,1.6391599641144337,-1.2809016372770996,0.8389869207212161,0,-0.27969660348785313,0.8448638418041622,-0.1343192061857013,0,0,0,1,0,0,0,0,1,0,0
1.0290767226936712,-0.5931576819190382,-0.04690873883961362,1,1.1844958949913342,1.1935079447981187,0.8031235830824532,1,0.4641773419585647,0.798220925562865,-0.35787434985828986,0,0,0,1,0,0,0,0,1,0,1
-0.544256885048635,-0.13573931259137342,0.8888840200210117,1,1.364550685886429,1.32847574018404,0.1934468432234863,1,0.8361143146817737,0.1931967358470829,-0.34875278149525984,1,0,0,0,0,0,0,1,0,0,0
1.3204347982015057,-0.19872677949438217,0.3018867440084375,4,-0.7740886761395374,0.6086474981257946,-0.523819909551769,0,0.8361143146817737,-0.5193777035823209,-0.3176821409950692,1,0,0,0,0,1,0,0,0,0,0
-0.8356149605564696,-0.8341189373440925,0.6506822268564889,4,0.33504883577424677,1.4327690366186154,0.9465769336375044,0,0.2162193601430921,0.9450932218714965,-0.43029713143464304,0,0,0,1,0,0,0,0,0,1,0
1.0873483377952382,-0.09748781447213736,0.38695881299576707,0,-1.6647940045845866,0.8029193248176504,-0.8465899483006338,0,1.332030278312719,-0.8486456266411452,-0.3090497783124356,1,0,0,0,0,0,1,0,0,0,1
-1.0104298058611703,-0.39587268252831154,0.6336678130590231,1,0.5362986477689927,-0.8228291196036709,0.13965183676534212,1,0.2162193601430921,0.14355602517118557,-0.36925856118119343,1,0,0,0,0,1,0,0,0,0,1
1.670064488810907,-0.10261119694750172,-0.04690873883961362,1,1.3570398288948051,-1.520162729097596,0.1575835055847235,0,1.0840722964972462,0.16027374754030846,-0.26373301084665446,0,0,0,1,0,0,0,0,0,1,0
-1.5931459568768391,-0.3574589053261454,0.004134502552783951,0,-1.270937010558059,1.0851247151700312,-0.66727326010682,0,-0.4036755943955894,-0.6631763243441301,-0.3178323821186947,1,0,0,0,1,0,0,0,0,0,0
0.6794470320842698,-0.5556248483099211,0.8293335717298809,4,0.5395910782310746,-0.6612767584599167,0.37276353141730006,0,1.5799882601281914,0.3692196314105454,-0.39913607757285713,1,0,0,0,0,0,0,0,1,0,0
0.15500249617016776,-1.0151760284418099,-0.8295717735230459,0,1.1693712925561461,-0.27682303826971766,3.2059672048795584,0,-1.5194865125652162,3.207976582012532,-0.39270208699474873,0,0,0,1,0,0,0,0,1,0,0
-1.5931459568768391,-0.06459152608959436,-0.22556008371300587,3,1.1494109328797757,-1.2359123721484593,0.06792516148781672,0,-0.03173862167238052,0.060239905099706725,-0.2292354984247596,1,0,0,0,1,0,0,0,0,0,0
0.03845926596703395,1.1296666106452213,-0.08944477333327841,0,0.6949526406605563,0.547298500223103,-0.48795657191300623,0,0.2162193601430921,-0.4933250001429632,-0.015582965561193922,0,0,0,1,0,1,0,0,0,0,0
-0.4277136548455012,-0.21196411611625113,0.31890115780590333,2,-1.3323614163662714,0.38165620588583654,-0.7210682665649641,0,-1.2715285307497435,-0.7194245004251633,-0.32121662898175224,0,0,0,1,0,0,0,1,0,0,1
-1.7096891870799729,0.1574526248110378,0.5741173647678921,0,0.11661665230551173,-0.5856129943799309,-0.36243489017733654,1,-0.15571761258011682,-0.3712711613954205,-0.28767202671783604,0,0,0,1,1,0,0,0,0,0,0
0.44636057167800225,-0.5315843613101345,1.637518227109512,1,-1.035013790259515,0.019697118259957527,-0.48795657191300623,0,0.588156332866301,-0.4843752133401054,-0.41957638226163474,0,0,1,0,0,0,1,0,0,0,0
-1.2435162662674377,0.6436407572695946,-0.012879911244681904,1,0.6552376982116954,1.4593536023764482,-0.3982982278160993,0,-0.27969660348785313,-0.3959670739362053,-0.1276722089483042,0,0,0,1,0,0,1,0,0,0,0
0.5046321867795691,-0.022862619050427732,-0.7444997045357162,3,1.5136360527475674,0.9235723540262767,0.13965183676534212,0,-1.1475495398420072,0.14265196607206226,-0.08466835089468051,0,0,0,1,0,0,1,0,0,0,0
0.09673088106860085,-0.7538371567459625,0.6591894337552217,3,-1.0400553244045774,-1.7982781862564636,-0.3086398837191923,0,0.4641773419585647,-0.3156072255941687,-0.41954257363011577,1,0,0,0,0,0,1,0,0,0,0
0.32981734147486846,-0.6722571434843918,0.6336678130590231,0,-0.26263018154552803,-1.190923107019819,0.10378849912657931,1,1.332030278312719,0.09777336595644028,-0.4074631044878552,1,0,0,0,0,0,0,1,0,0,0
-1.7679608021815398,-0.9815378928230151,1.1866362614766652,0,1.681755783217616,1.4593536023764482,3.421147230712135,0,1.0840722964972462,3.4137132254712834,-0.45870574013506,1,0,0,0,0,0,0,0,1,0,0
-0.6025285001502019,0.7550337563380366,-0.608384394155989,1,0.5222029298532054,-1.0948096769722693,-0.4520932342742434,1,-0.03173862167238052,-0.45009214592937846,0.08797997235151567,0,0,0,1,0,0,0,1,0,0,1
0.03845926596703395,-0.05942177816196426,0.7527687096412844,4,0.1308152586732392,-1.1479788084879352,-0.2727765460804296,0,-1.5194865125652162,-0.2720696044087585,-0.3308390572332792,0,0,0,1,1,0,0,0,0,0,0
-1.185244651165871,0.7071382441475265,1.2291722959703302,4,-1.4862825404685924,0.9235723540262767,-0.8465899483006338,0,1.0840722964972462,-0.8406982548483657,-0.2717034615897203,1,0,0,0,0,0,1,0,0,0,0
1.61179287370934,-0.3772337707174838,1.37379481324879,2,0.48289954121210465,-1.6776251570478373,0.10378849912657931,0,0.588156332866301,0.09935791844619843,-0.3968599984571875,1,0,0,0,0,0,0,1,0,0,0
-0.48598526994706814,-0.2840855771156108,0.62516060616029,3,1.2656748835720368,-0.7880646874588124,0.3189685249591559,0,-0.651633576211062,0.31459279517994404,-0.3533071071330799,1,0,0,0,0,0,1,0,0,0,0
-1.2435162662674377,-0.5752374346183294,-1.6887996702950747,0,0.9681214805614002,-1.7185244889829647,0.6417385637080208,0,-0.15571761258011682,0.6380689604141826,1.748228732271757,1,0,0,0,1,0,0,0,0,0,0
-0.544256885048635,0.4154763666698847,-1.3485113943457563,2,0.7010230593250195,-1.5242526622911088,-0.3086398837191923,1,-1.5194865125652162,-0.3163203315598863,0.7934138370546627,0,0,1,0,0,0,0,0,0,1,1
0.32981734147486846,0.31803936873343064,-1.433583463333086,3,-1.6184942012115622,-0.6121975601377636,-0.8465899483006338,0,1.4560092692204551,-0.8549292913869913,1.0037103110960846,0,0,0,1,0,0,0,0,0,1,0
0.562903801881136,0.8466055245628745,1.3908092270462562,0,-1.688664125434679,-1.5017580297267887,-0.8824532859393965,0,0.588156332866301,-0.883575279937972,-0.26836805107144673,0,0,1,0,0,0,1,0,0,0,0
-0.13635557933766673,0.0010851370448273316,-0.4127186354851309,4,0.13482790829890132,-1.1970580068100882,-0.3086398837191923,0,-1.39550752165748,-0.30058749808310753,-0.17729254953208723,0,0,0,1,0,0,1,0,0,0,0
-0.8356149605564696,0.20954421043159746,1.0164921235020061,2,-1.534948778236238,0.9746965189451862,-0.8286582794812525,0,-1.39550752165748,-0.8282420066158517,-0.31418890341724914,1,0,0,0,0,1,0,0,0,0,0
-1.4766027266737054,2.7368554652587234,-1.2379177046622278,3,-0.8261502328212048,-0.4424653326069841,-0.8107266106618711,0,1.0840722964972462,-0.813745438699121,1.9299208922490159,0,0,0,1,1,0,0,0,0,0,1
1.145619952896805,-0.8674325147970272,0.4550164681856308,0,-1.626107946655126,0.9542468529776228,-0.6852049289262014,0,-1.39550752165748,-0.6932194900223221,-0.4295587806447142,0,0,0,1,1,0,0,0,0,0,0
0.9708051075921043,0.43026694594265597,-0.04690873883961362,2,-1.0157736497467247,1.6147710637299333,-0.7210682665649641,0,0.09224036923535578,-0.7193212065386679,-0.16146775477286193,0,0,0,1,0,0,1,0,0,0,0
1.3204347982015057,-0.7242328154742871,-0.44674746308006275,2,1.5309213126734966,-1.5590170944359674,1.4128003229414203,0,0.2162193601430921,1.4178618842147166,-0.34961587081871387,0,0,0,1,0,0,0,1,0,0,0
-0.13635557933766673,0.6132018378571359,-1.2974681529533585,1,0.6312646889096628,0.9624267193646482,-0.3982982278160993,0,1.332030278312719,-0.39274186999143523,0.7947688016279848,1,0,0,0,0,0,1,0,0,0,0
1.203891567998372,-0.15625602521896367,0.9058984338184777,1,-0.6595738291302571,-1.3974647332922134,-0.48795657191300623,0,-0.8995915580265347,-0.49402777014873844,-0.3522299100144808,0,0,1,0,0,0,1,0,0,0,0
-1.068701420962737,0.30208965315401587,-0.1404880147256763,0,0.28123817540959845,-1.6101412593548767,-0.38036655899671795,0,0.3401983510508284,-0.37907420218012206,-0.16857927940712825,0,0,0,1,0,0,0,0,1,0,0
-0.7773433454549026,1.6694300231968413,0.6506822268564889,2,1.4778308714724286,0.031966917840495906,-0.4700249030936248,0,0.7121353237740373,-0.4641751261611441,-0.08663551796646203,0,0,1,0,1,0,0,0,0,0,0
-0.6025285001502019,-1.1071650857370394,-1.5356699461178813,3,-1.7063609391683683,-0.759435155104223,-0.5955465848292945,0,-1.39550752165748,-0.5887077018555188,-0.23326681493622245,1,0,0,0,0,0,0,1,0,0,0
-1.4766027266737054,-0.6501408227536335,-0.45525466997879566,4,-1.7317743867975617,0.019697118259957527,-0.8286582794812525,0,-0.4036755943955894,-0.8313778327354254,-0.3301501749270619,0,0,0,1,0,0,1,0,0,0,0
0.7959902622874037,-0.455336375059124,1.586474985717114,0,-0.6801515195182679,0.9828763853322122,-0.36243489017733654,0,1.4560092692204551,-0.3558007770400604,-0.4108494996517252,1,0,0,0,0,0,1,0,0,0,1
1.5535212586077733,0.27628727896813116,1.484388502932319,4,-0.015492119985517852,0.22623874453235177,-0.4520932342742434,0,0.3401983510508284,-0.44575426863426304,-0.3332682065900063,0,0,0,1,0,1,0,0,0,0,0
-0.2528988095408005,-0.6627058603176492,1.1526074338817336,1,1.0260476790036508,1.2691717088781052,0.8748502583599789,0,0.4641773419585647,0.8833122907231484,-0.4219505593866109,0,0,0,1,1,0,0,0,0,0,0
1.3204347982015057,-0.11102652653373364,-0.9231510494091084,0,0.8636897018422451,1.553422065827242,-0.0038015137897088724,0,0.3401983510508284,0.0020012506440971324,-0.034630541451372655,1,0,0,0,1,0,0,0,0,0,0
-0.6025285001502019,2.578007425796296,-0.9827014977002392,2,-0.8707009325112482,1.0462703498316597,-0.8107266106618711,0,1.332030278312719,-0.8141020972075281,1.1063850476267327,0,0,1,0,0,0,1,0,0,0,0
1.3787064133030726,2.3132143279066506,1.5439389512234492,2,-0.14122180825626407,1.1260240471051586,-0.7210682665649641,0,-1.1475495398420072,-0.7252069846918676,-0.13126394498558253,0,0,0,1,0,0,0,0,1,0,0
1.61179287370934,4.987017229167384,-1.3229897736495575,1,0.3338141743509661,-1.2154627061808956,-0.7748632730231083,0,0.8361143146817737,-0.7767034501282016,3.951654388614012,1,0,0,0,0,1,0,0,0,0,0
1.3787064133030726,-0.5178138219872096,-1.6122348082064781,3,-0.11344192623244943,0.04014678422752124,-0.02173318260909027,0,-1.5194865125652162,-0.023726513427695613,0.933297815848285,0,0,0,1,1,0,0,0,0,0,0
-0.7190717303533357,0.018704008905808794,0.5826245716666252,6,1.2189635263912524,0.4736797027398735,0.014130155029672525,0,-0.15571761258011682,0.0201443032978673,-0.30800645211101857,0,0,0,1,0,1,0,0,0,0,0
0.03845926596703395,1.0059172185479595,-0.20003846301680692,2,0.11054623364104853,0.019697118259957527,-0.5776149160099131,0,-0.15571761258011682,-0.5724724086664509,-0.008380829012586528,1,0,0,0,0,0,0,1,0,0,0
0.03845926596703395,-0.5380755246273382,1.4588668822361197,0,-1.4252696884681404,-0.7369405225399029,-0.6852049289262014,1,1.5799882601281914,-0.6841744085452637,-0.41605248881287593,0,0,0,1,0,0,1,0,0,0,0
-0.48598526994706814,-0.4558000295817814,-0.9741942908015062,2,1.3178393287056445,-1.174563374245768,0.5879435572498767,0,-0.8995915580265347,0.5860824679348489,-0.14660540163169233,0,0,0,1,0,0,0,0,1,0,0
0.32981734147486846,-0.6916842679837372,-1.603727601307745,0,-0.8903526268317986,0.30599244180585067,-0.2727765460804296,0,-1.7674444943806888,-0.2785535720752149,0.5722932626914506,0,0,0,1,0,0,0,1,0,0,0
-0.31117042464236744,-0.48906724158245035,-1.620742015105211,0,-1.3972840295404456,0.6086474981257946,-0.6852049289262014,0,1.2080512874049825,-0.6843774482846496,1.0554798097147977,1,0,0,0,0,0,0,0,1,0,0
0.09673088106860085,0.054034483532303196,-1.1783672563710972,3,-0.7110180551002842,-1.6919399232251318,-0.5776149160099131,0,1.0840722964972462,-0.5744909376128952,0.24439027727034912,1,0,0,0,1,0,0,0,0,0,0
-0.3694420397439343,-0.5101867050894953,-0.3871970147889321,2,1.017302160588746,1.4082294374575388,0.5341485507917326,1,1.5799882601281914,0.5367429671425243,-0.3048153482127434,0,0,0,1,1,0,0,0,0,0,1
0.32981734147486846,-0.3480930839684658,0.3018867440084375,2,0.9504246668277109,0.22623874453235177,0.2651735185010119,0,-0.03173862167238052,0.2643712221415136,-0.34158903225998455,1,0,0,0,1,0,0,0,0,0,0
-0.7773433454549026,1.447640882283671,-1.3059753598520916,2,-0.10953216505872738,-0.2543284057053973,-0.66727326010682,0,0.588156332866301,-0.6600195695612209,1.385791114899414,0,0,0,1,1,0,0,0,0,0,0
-0.6608001152517688,-0.6569565442366974,0.7187398820463526,0,0.8571048409180817,1.7497388591158545,0.7672602454436904,0,0.7121353237740373,0.763510623887062,-0.4084128829420342,0,0,1,0,0,0,0,1,0,0,1
-0.6608001152517688,-0.645921566597451,-0.81255735972558,1,-1.7346552634518833,-0.44655526580049715,-0.8286582794812525,1,-0.4036755943955894,-0.8336720893816897,-0.2686394400781267,0,0,0,1,0,0,0,0,1,0,0
1.5535212586077733,-0.4476628927091439,-1.2974681529533585,1,0.10643069556344636,1.4818482349407682,0.014130155029672525,0,1.4560092692204551,0.006414707403162644,0.08392296699487621,0,0,0,1,0,0,0,0,1,0,0
-1.0104298058611703,-0.5645270151449433,-1.4761194978267507,2,0.36653270206790334,-0.43633043281671513,0.2831051873203933,0,-0.03173862167238052,0.291129126517287,0.2828620844178251,0,0,0,1,0,0,1,0,0,0,0
1.4369780284046394,0.9607340853149952,-1.5356699461178813,0,-0.15634641069145203,1.414364337247808,-0.6134782536486758,0,-0.4036755943955894,-0.6130270458646203,2.403884737912431,0,0,0,1,1,0,0,0,0,0,0
-0.2528988095408005,1.5290817991884442,-1.399554635738154,3,-0.748675228510344,1.1035294145408385,-0.756931604203727,0,-1.2715285307497435,-0.7582865987328284,1.8947290497340172,1,0,0,0,0,1,0,0,0,0,1
-1.068701420962737,0.13044474886624385,-1.6122348082064781,0,0.19470898732801287,-0.18888947460919306,-0.34450322135795514,0,-0.5276545853033258,-0.33917912945939843,2.098209523472374,1,0,0,0,1,0,0,0,0,0,0
-0.31117042464236744,-0.8459653103979893,-1.0847879804850347,2,-1.0757576172277763,1.8049529572282765,-0.21898153962228545,0,-0.7756125671187983,-0.22765037344149677,-0.27614938823313145,0,0,0,1,0,0,0,0,0,1,0
-1.068701420962737,-1.0885493566523445,0.5911317785653583,5,0.6742720618206054,-1.0007412135214757,3.6721905941834745,0,0.8361143146817737,3.6649984464777217,-0.46445441466464504,0,0,0,1,0,1,0,0,0,0,0
0.8542618773889705,-0.8627727868443202,-0.7359924976369834,5,0.5527608000794014,-0.20115927418973142,1.2514153035669877,0,-0.8995915580265347,1.258908260325242,-0.35359755687644595,1,0,0,0,0,1,0,0,0,0,1
-0.2528988095408005,0.056700497037583286,-1.1443384287761653,1,-1.6422614336097145,-1.4158694326630208,-0.8465899483006338,0,-1.1475495398420072,-0.8498433594037036,0.20729384057090144,0,0,0,1,0,0,0,0,1,0,0
-0.9521581907596033,1.450121433979888,-0.18302404921934107,1,0.2807237331498982,-0.013022347288144569,-0.5955465848292945,0,-0.27969660348785313,-0.6031843741987586,0.07891214643187916,0,0,0,1,0,0,0,1,0,0,0
1.4952496435062064,-0.45876741852678876,1.3057371580589265,0,-0.7092689514173033,-1.0334606790695777,-0.36243489017733654,0,-0.03173862167238052,-0.3673116327908367,-0.4035166633901323,0,0,0,1,0,0,0,0,1,0,0
-1.5348743417752724,-0.7208249547327551,0.9229128476159435,3,0.22166576173630706,-0.5549384954285851,0.5162168819723513,0,1.332030278312719,0.5114038503384534,-0.4228773094296574,0,0,0,1,0,0,0,0,1,0,0
0.44636057167800225,0.29439298807790293,-0.9571798770040403,2,-1.7187075534011749,-1.246137205132241,-0.8824532859393965,0,-0.8995915580265347,-0.8791855756210929,0.14590957722815992,1,0,0,0,0,1,0,0,0,0,0
0.621175416982703,0.025682009471802766,1.6800542616031766,0,-0.03524670275800826,-1.730794288563503,-0.36243489017733654,0,0.7121353237740373,-0.3632638961231417,-0.36664642112626605,0,0,1,0,0,1,0,0,0,0,0
0.7377186471858367,-0.21840891398118908,1.3227515718563927,1,0.6807540342928289,0.019697118259957527,0.03206182384905392,0,-1.1475495398420072,0.02474968297455549,-0.37812929950908203,0,0,0,1,0,0,0,0,0,1,1
0.5046321867795691,-0.9389975903691979,1.654532640906978,0,0.7434131015243218,1.2057777443786575,1.9148870498840993,1,-0.7756125671187983,1.9081882245974038,-0.45962448351686236,0,0,0,1,0,0,0,0,1,0,1
1.5535212586077733,-0.29885297366224917,-1.0677735666875687,1,0.7874493589546651,0.7190756943506388,0.13965183676534212,1,1.5799882601281914,0.14204026259170494,-0.029759377956551546,0,0,0,1,0,1,0,0,0,0,0
-0.48598526994706814,-0.7934332529809051,0.03816333014771597,1,1.045699373324201,-1.5896915933873128,1.3590053164832763,0,-0.27969660348785313,1.3516731840261436,-0.40092779823683355,1,0,0,0,0,0,1,0,0,0,0
-1.5348743417752724,-0.062157339845642964,-0.5828627734597901,3,-0.879755116281973,-1.653085557886761,-0.5955465848292945,0,1.4560092692204551,-0.5970569282148791,-0.15019290231634624,1,0,0,0,0,1,0,0,0,0,1
0.5046321867795691,1.0477156737655247,0.8123191579324149,1,1.6223891464482048,-1.2195526393744083,-0.32657155253857373,0,1.2080512874049825,-0.31983857806761007,-0.19203563356839826,0,0,0,1,0,0,1,0,0,0,0
0.7377186471858367,-0.36805341116886714,-0.07243035953581255,0,1.038085627880637,-0.9475720820058099,0.3189685249591559,0,1.2080512874049825,0.3268233332063088,-0.31199367362081815,0,0,0,1,0,0,0,0,0,1,0
1.0290767226936712,1.2359825926905648,-1.4846267047254837,2,0.400074337400361,1.2160025773624397,-0.5596832471905318,0,-0.03173862167238052,-0.5577923561249588,2.227719594291022,0,0,0,1,0,0,0,0,0,1,1
-1.4766027266737054,-0.6809506657842181,1.3057371580589265,3,-0.8682316096646869,-0.13163040990001457,-0.2727765460804296,0,-0.27969660348785313,-0.2752772495280044,-0.4275816635424004,1,0,0,0,1,0,0,0,0,0,0
0.03845926596703395,0.1944986211713646,-0.8976294287129096,5,-0.8794464509261529,-0.6101525935410073,-0.6493415912874386,0,1.332030278312719,-0.65166409730711,0.06625845534619947,1,0,0,0,0,1,0,0,0,0,0
-1.4766027266737054,-0.5419470398915276,-0.2170528768142728,0,-1.080799151372839,-0.6162874933312763,-0.5058882407323876,0,-1.39550752165748,-0.5025316957959655,-0.33213043368875494,0,0,1,0,1,0,0,0,0,0,0
-0.4277136548455012,0.07805178780595687,-1.0422519459913697,3,-0.5623442420469059,1.1730582788305555,-0.5417515783711504,0,0.9600933055895099,-0.5372461340592073,0.12194309568392814,1,0,0,0,0,1,0,0,0,0,0
0.9708051075921043,0.5188481424963536,0.6676966406539547,1,-0.05335507029945779,1.4368589698121281,-0.523819909551769,0,-0.27969660348785313,-0.516672983920802,-0.24631005152098212,0,0,0,1,0,0,0,0,1,0,0
-0.2528988095408005,-1.0277642487319585,0.2593507095147727,4,-0.5447503167651566,-0.035516979852464624,0.9645086024568859,1,-1.1475495398420072,0.9637554585088485,-0.449430070792531,0,0,0,1,0,0,0,1,0,0,0
0.27154572637330154,1.9277087750431499,1.0760425717931366,4,0.20489494407007822,-0.10300087754542515,-0.66727326010682,0,-1.7674444943806888,-0.6590799389427924,-0.1169928667601383,0,0,0,1,0,1,0,0,0,0,0
-0.7190717303533357,1.1807613390420677,-0.3361537733965344,1,-0.28989562130964236,-1.0048311467149884,-0.66727326010682,0,-1.023570548934271,-0.6616003571409427,0.07717259345858361,0,0,0,1,0,0,0,0,1,0,0
0.8542618773889705,-1.1582598141338856,0.5826245716666252,3,1.083253658282321,1.2425871431202724,6.792300968755835,0,-1.6434655034729524,6.79256253212966,-0.47418406112702477,0,0,0,1,0,0,0,1,0,0,1
-0.4277136548455012,-0.1560937461360336,0.7782903303374833,2,1.0734792553480157,-0.657186825266404,0.10378849912657931,0,-1.5194865125652162,0.11110474919906517,-0.3450881644295478,0,0,0,1,0,0,1,0,0,0,0
-1.0104298058611703,-0.19232834708170993,0.36143719229956817,0,0.9974446893643156,-0.3831613013010493,0.12172016794596072,0,1.0840722964972462,0.11697200016091325,-0.32160233637992425,1,0,0,0,0,0,0,0,0,1,0
0.27154572637330154,-0.41611120244230737,0.9144056407172104,1,-0.6457867765702898,1.406184470860783,-0.36243489017733654,0,-1.7674444943806888,-0.3649177472829515,-0.38488467885856287,1,0,0,0,0,0,0,0,1,0,1
-1.4766027266737054,-0.6007384333644867,-1.2719465322571597,4,-0.35214313473337516,0.2896327090317996,-0.05759652024785306,0,0.9600933055895099,-0.05498321318344783,-0.04174811808248282,1,0,0,0,1,0,0,0,0,0,1
-0.6608001152517688,0.29402206445977697,-0.2595889113079376,1,-1.7812637321807279,-0.9680217479733736,-0.900384954758778,0,-0.4036755943955894,-0.8949038753316223,-0.14501096402160157,0,0,0,1,0,0,0,1,0,0,0
-0.31117042464236744,0.8149379206653736,-1.212396083966029,3,-1.6634564547093658,1.0973945147505693,-0.8824532859393965,0,-0.5276545853033258,-0.8782717096246869,0.7232764876115372,0,0,0,1,1,0,0,0,0,0,0
0.15500249617016776,3.043238373830738,-1.5356699461178813,1,1.275552174958282,-0.7042210569918009,-0.6314099224680572,0,0.8361143146817737,-0.6261569841579553,5.05966191271506,0,0,0,1,1,0,0,0,0,0,0
1.670064488810907,0.3749297786634945,0.5911317785653583,1,-0.35481823448381655,-1.1173043095365893,-0.5596832471905318,0,-0.15571761258011682,-0.5545897640628551,-0.25855854309469456,0,0,0,1,0,0,1,0,0,0,0
1.4952496435062064,-0.47151791789986747,1.1951434683753983,4,0.9273776535931387,0.6556817298511913,0.4265585378754443,1,-0.4036755943955894,0.4267284746768728,-0.40153069710684053,0,0,1,0,0,0,0,0,0,1,1
1.0873483377952382,-0.25508398672338994,0.8293335717298809,1,0.7562741580168286,1.5513770992304852,0.08585683030719812,0,-0.15571761258011682,0.08627512149565449,-0.3606846497547462,0,0,0,1,0,0,0,1,0,0,1
-1.2435162662674377,-1.0826377614884626,1.1866362614766652,3,-1.4391596294800477,-1.240002305341972,-0.14725486434475996,0,0.7121353237740373,-0.15558252491279068,-0.47009278150249073,0,0,0,1,0,0,0,0,1,0,0
-1.185244651165871,0.16257600728640215,-0.34466098029526715,0,0.35871317972045924,-1.5569721278392108,-0.3086398837191923,1,1.2080512874049825,-0.3068834474298413,-0.15487063333005158,0,0,0,1,1,0,0,0,0,0,0
-0.31117042464236744,0.3319026389608871,1.161114640780466,2,-1.70934470427463,-1.7819184534824126,-0.8824532859393965,0,0.588156332866301,-0.8777785612967971,-0.3091734456076968,0,0,0,1,0,0,0,1,0,0,0
-1.7096891870799729,-0.14721476202714426,-1.0677735666875687,2,0.9627712810605173,0.019697118259957527,0.06792516148781672,0,-1.023570548934271,0.0649004480914518,0.039947820072788666,0,0,0,1,0,0,1,0,0,0,0
-1.5348743417752724,-0.17674955512042106,-0.9401654632065743,3,0.6204614014559571,-0.19093444120594977,-0.03966485142847167,0,0.8361143146817737,-0.03125693640445649,-0.051218703854900446,1,0,0,0,0,0,0,0,1,0,0
0.03845926596703395,-0.7863161560581139,0.0636849508439146,1,1.4946016891386575,0.019697118259957527,1.6638436864127595,0,0.4641773419585647,1.6652562900407317,-0.400946281661292,0,0,0,1,0,0,0,1,0,0,0
-0.31117042464236744,0.8616974792753731,-0.9146438425103754,1,-0.820800033320322,-1.0334606790695777,-0.7210682665649641,0,1.5799882601281914,-0.7225745911273447,0.330695811001753,1,0,0,0,0,1,0,0,0,0,0
0.8542618773889705,-0.6434641976273668,-0.31063215270033545,3,-0.7144133740143059,1.1914629782013628,-0.21898153962228545,0,-1.1475495398420072,-0.21846869968294902,-0.34475936560301806,1,0,0,0,1,0,0,0,0,0,0
-0.6025285001502019,-0.7227491210017833,-0.32764656649780133,0,0.8511373107055585,1.7415589927288284,0.9465769336375044,0,0.8361143146817737,0.946812818408108,-0.36112823197885907,0,0,0,1,1,0,0,0,0,0,0
0.5046321867795691,1.2076301186300644,-0.32764656649780133,0,-0.2598521933431466,-0.8964479170869004,-0.66727326010682,0,1.4560092692204551,-0.6595209549935424,0.07999909121385275,0,0,0,1,0,0,0,0,1,0,0
1.145619952896805,-1.080412219779707,1.5269245374259837,1,1.3799839536774372,-0.5017693639129193,4.730159054526976,0,-0.5276545853033258,4.72953767119943,-0.47252481143611913,0,0,0,1,0,0,0,1,0,0,0
-0.3694420397439343,-0.9124533689470614,-1.442090670231819,2,-1.211981927596408,-1.7921432864661946,-0.25484487726104826,1,-0.4036755943955894,-0.2504148436200709,-0.11881708426740371,0,0,0,1,0,1,0,0,0,0,0
0.44636057167800225,-0.8279755149188819,0.5911317785653583,0,-1.682799483674096,1.1280690137019147,-0.756931604203727,0,0.9600933055895099,-0.7587295562475691,-0.4277944603425337,0,0,0,1,0,0,0,1,0,0,0
-0.8938865756580364,-0.7337377331887639,-0.9231510494091084,2,-0.2183881472113047,0.019697118259957527,0.2293101808622491,0,-1.023570548934271,0.23642034211033194,-0.27364098636550666,0,0,0,1,1,0,0,0,0,0,0
1.0290767226936712,0.1468349362421832,-1.1528456356748984,1,-0.41459642506098804,0.3714313729020545,-0.5058882407323876,1,-0.4036755943955894,-0.514308961975894,0.26343472046620625,0,0,0,1,0,0,1,0,0,0,0
-0.6025285001502019,0.13496538046215356,1.5269245374259837,2,0.5406199627504751,1.4429938696023976,-0.23691320844166686,0,0.4641773419585647,-0.24446966094024938,-0.3496389568778705,0,0,0,1,0,0,0,0,0,1,1
-1.651417571978406,-0.11937230794156697,-0.45525466997879566,0,-0.084118717429534,-0.1991143075929751,-0.3086398837191923,0,-1.2715285307497435,-0.3123650345405263,-0.1973448498946665,1,0,0,0,0,0,1,0,0,0,0
1.0290767226936712,-0.3609131315199431,-0.5062979113711935,3,-0.4420676417289825,0.5820629323679618,-0.3086398837191923,0,0.09224036923535578,-0.3105543172476347,-0.24837562537652003,1,0,0,0,0,0,0,0,1,0,0
-0.6608001152517688,-0.027522347003134672,-0.9231510494091084,0,0.2669366805899309,0.7804246922533303,-0.23691320844166686,0,-0.27969660348785313,-0.24532268645722527,-0.002579775561021889,0,0,0,1,0,0,0,1,0,0,0
-0.544256885048635,-0.8514827992176124,1.1270858131855344,2,0.17906994263312462,0.019697118259957527,0.8748502583599789,0,1.4560092692204551,0.8786694613137467,-0.4429991217854322,1,0,0,0,0,0,0,1,0,0,0
-0.9521581907596033,0.4874587313124471,0.5230741233754945,6,0.1308152586732392,1.303936141022964,-0.4700249030936248,0,1.4560092692204551,-0.4683426775826877,-0.2353030819843102,0,0,0,1,0,0,0,1,0,0,1
-0.544256885048635,0.2372707508865104,1.7396047098943077,1,-0.2978180321090265,-0.9639318147798609,-0.5058882407323876,0,-1.5194865125652162,-0.5074403411205514,-0.34871624870850076,0,0,0,1,0,0,0,0,1,0,0
0.5046321867795691,-0.3995819187095708,-0.6679348424471196,0,-0.9267751388185778,-1.5487922614521852,-0.5058882407323876,0,-0.03173862167238052,-0.49920137557550703,-0.224485497718537,1,0,0,0,1,0,0,0,0,0,0
0.621175416982703,-0.05742806371453742,1.5269245374259837,2,-0.046564432471414216,0.35711660672476014,-0.32657155253857373,0,-1.023570548934271,-0.3301710638798207,-0.36909170373971206,0,0,0,1,0,1,0,0,0,0,0
-0.4277136548455012,-1.0365273192101834,-0.8295717735230459,3,-1.3131212758534814,0.019697118259957527,-0.09345985788661576,0,0.8361143146817737,-0.09863350051233373,-0.4001064330321752,0,0,0,1,0,0,0,1,0,0,0
1.3787064133030726,2.2497863892071175,-0.2510817044092048,0,0.7406351133219404,1.031955583654365,-0.6134782536486758,0,-0.7756125671187983,-0.6217565654450411,0.27788760001447277,1,0,0,0,0,1,0,0,0,0,0
-0.07808396423609984,-0.6591357204931871,-1.5696987737128134,0,-0.6315881702025623,1.1669233790402862,-0.14725486434475996,0,0.2162193601430921,-0.15053539922505593,0.4616758353021233,1,0,0,0,0,0,0,0,0,1,0
1.145619952896805,0.6532384058886029,1.5269245374259837,2,-1.4448184943367506,0.308037408402607,-0.8286582794812525,0,-0.8995915580265347,-0.8300498732392074,-0.29723678687626437,1,0,0,0,0,0,0,1,0,0,1
1.4369780284046394,0.25308137010912796,-0.04690873883961362,3,-0.7655489346285129,-1.1357090089073967,-0.6314099224680572,0,-0.15571761258011682,-0.6322544447001165,-0.1954716420160533,0,0,0,1,0,1,0,0,0,0,0
-0.019812349134532944,-0.5518692466763961,1.1441002269830005,1,0.7740738602024579,0.019697118259957527,0.48035354433358846,0,-0.4036755943955894,0.4873145563635772,-0.4090722473856665,1,0,0,0,0,0,0,0,1,0,0
0.15500249617016776,-0.09822966170838922,-1.3059753598520916,2,-0.7203809042268291,0.019697118259957527,-0.5417515783711504,0,1.332030278312719,-0.534514627268049,0.33210185881879883,0,0,0,1,0,0,0,1,0,0,0
1.0290767226936712,0.707926456836044,-0.5573411527635913,0,-1.5734290592618183,-0.01711228048165724,-0.8645216171200152,1,1.0840722964972462,-0.8581514424349026,0.05122244946212828,0,0,0,1,0,1,0,0,0,0,1
0.621175416982703,1.352151233342378,-0.5658483596623242,1,1.1957107362528,-1.4997130631300324,-0.4520932342742434,0,-1.5194865125652162,-0.45288412121588506,0.23064227489146588,0,0,0,1,1,0,0,0,0,0,0
1.145619952896805,-0.3112789148694677,1.5609533650209153,1,0.2040718364545578,1.8294925563893534,-0.07552818906723446,0,-0.15571761258011682,-0.08007996161538068,-0.3957842545401457,0,0,0,1,0,0,0,1,0,0,0
-1.2435162662674377,-0.4819037792073934,-0.7530069114344492,2,-0.6209906596527367,-0.019157247078413576,-0.3086398837191923,0,-1.023570548934271,-0.30906814202394306,-0.2288650725843943,1,0,0,0,0,0,0,0,0,1,0
-1.651417571978406,0.5096446002216041,1.4248380546411878,4,0.8673936861120871,1.381644871699706,-0.3086398837191923,1,1.5799882601281914,-0.3105397621303302,-0.305919767649187,1,0,0,0,0,0,1,0,0,0,0
0.6794470320842698,0.15156421237328874,-1.578205980611546,0,-0.15686085295115232,-0.025292146868682946,-0.4520932342742434,0,1.332030278312719,-0.444514005648355,1.7312030034856223,0,0,1,0,0,1,0,0,0,0,1
-1.3017878813690047,-0.41761807964094394,-1.425076256434353,1,-0.66512980553502,-1.4915331967430068,-0.38036655899671795,0,-1.2715285307497435,-0.3727136842523704,0.30864135552680966,0,0,0,1,0,1,0,0,0,0,0
-0.7773433454549026,0.314214218921507,-0.5488339458648583,1,0.390608599821876,0.019697118259957527,-0.36243489017733654,0,-0.5276545853033258,-0.35593587876978816,-0.0583842718109028,1,0,0,0,1,0,0,0,0,0,0
-0.7190717303533357,-0.9545995650566197,-0.20854566991554,1,0.2561333931362252,-0.44451029920374047,1.484526998218946,0,-1.2715285307497435,1.4821442871518733,-0.42024602037866843,0,0,0,1,1,0,0,0,0,0,0
